78730;Lauterbach
;
55595;Sommerloch
88356;Ostrach
73271;Holzmaden
55595;Hargesheim
75328;Schömberg
77716;Haslach
NN;Gutsbezirk Spessart
56412;Niedererbach
67280;Ebertsheim
66709;Weiskirchen
73663;Berglen
59581;Warstein
56357;Buch
56825;Gevenich
74545;Hinterziegelhalden
34439;Willebadessen
54317;Korlingen
74336;Brackenheim
34329;Nieste
35083;Wetter (Hessen)
78655;Dunningen
54534;Musweiler
67808;Schweisweiler
35708;Haiger
73453;Wahlenhalden
32289;Rödinghausen
64395;Brensbach
52074;Aachen
54636;Idesheim
66440;Blieskastel
35099;Burgwald
56291;Lingerhahn
45130;Essen
67753;Reipoltskirchen
77731;Willstätt
74924;Neckarbischofsheim
66265;Heusweiler
55629;Schwarzerden
67305;Ramsen
76131;Karlsruhe
54619;Heckhuscheid
74394;Hessigheim
52441;Linnich
54668;Peffingen
97256;Geroldshausen
54426;Naurath (Wald)
53113;Bonn
54570;Densborn
67105;Schifferstadt
78357;Mühlingen
78549;Spaichingen
68161;Mannheim
55743;Fischbach
46537;Dinslaken
73066;Uhingen
55246;Mainz-Kostheim
54340;Thörnich
65451;Kelsterbach
52511;Geilenkirchen
67281;Bissersheim
54608;Oberlascheid
36358;Herbstein
32312;Lübbecke
74074;Heilbronn
56321;Brey
64653;Lorsch, Karolingerstadt
70771;Leinfelden-Echterdingen
76831;Eschbach
55595;Winterbach
66453;Gersheim
57635;Hasselbach
54668;Ferschweiler
65623;Hahnstätten
73450;Neresheim
76829;Landau
54316;Hinzenburg
55592;Raumbach
75385;Lautenbachhof
57635;Hirz-Maulsbach
66459;Kirkel
79288;Gottenheim
65189;Wiesbaden
79725;Laufenburg
35585;Wetzlar
66869;Schellweiler
57539;Bruchertseifen
63743;Aschaffenburg
55546;Tiefenthal
71296;Heimsheim
54675;Fischbach-Oberraden
55483;Schlierschied
57518;Steineroth
50937;Köln
67158;Ellerstadt
72356;Dautmergen
74864;Fahrenbach
55234;Esselborn
57537;Hövels
53359;Rheinbach
56357;Himmighofen
67122;Altrip
54655;Kyllburgweiler
71299;Wimsheim
54314;Zerf
36355;Grebenhain
33415;Verl
74257;Untereisesheim
57610;Michelbach
78267;Aach
34121;Kassel
53572;Unkel
55774;Baumholder
44369;Dortmund
54340;Longuich
40213;Düsseldorf
54673;Waldhof-Falkenstein
56414;Steinefrenz
88633;Heiligenberg
57583;Nauroth
53520;Dümpelfeld
66119;Saarbrücken
53175;Bonn
54427;Kell am See
57629;Stein-Wingert
66625;Nohfelden
78467;Konstanz
78199;Bräunlingen
54317;Gutweiler
41065;Mönchengladbach
55595;Traisen
52477;Alsdorf
55483;Unzenberg
55776;Berglangenbach
54453;Nittel
73574;Mühlhölzle
64739;Höchst i. Odw.
66871;Oberalben
NN;Gutsbezirk Kaufunger Wald
36142;Tann (Rhön)
52396;Heimbach
73084;Salach
79106;Freiburg
78187;Geisingen
59969;Bromskirchen
13349;Berlin
66989;Höheischweiler
56379;Geilnau
76872;Minfeld
53520;Kaltenborn
60325;Frankfurt am Main
35796;Weinbach
41238;Mönchengladbach
56288;Alterkülz
50999;Köln
75385;Dachshof
88422;Tiefenbach
75180;Pforzheim
40699;Erkrath
34308;Bad Emstal
60316;Frankfurt am Main
34474;Diemelstadt
56858;Peterswald-Löffelsch.
55776;Reichenbach
89073;Ulm
42277;Wuppertal
65197;Wiesbaden
55234;Dintesheim
73540;Heubach
74865;Neckarzimmern
71409;Schwaikheim
65345;Eltville am Rhein
56355;Oberbachheim
54472;Veldenz
54673;Scheuern
74639;Schießhof
66907;Glan-Münchweiler
54552;Demerath
54675;Biesdorf
60599;Frankfurt am Main
56220;Sankt Sebastian
56479;Elsoff (Westerwald)
56330;Kobern-Gondorf
67822;Mannweiler-Cölln
61209;Echzell
61276;Weilrod
56459;Härtlingen
44789;Bochum
42499;Hückeswagen
88400;Scholterhaus
57614;Fluterschen
72355;Schömberg
44227;Dortmund
66871;Albessen
79576;Weil am Rhein
34513;Waldeck
59823;Arnsberg
47178;Duisburg
56587;Oberhonnefeld-Gierend
72531;Hohenstein
40210;Düsseldorf
67718;Schmalenberg
54597;Roth bei Prüm
54636;Weidingen
73565;Mooswiese
36369;Lautertal (Vogelsberg)
53518;Leimbach
78462;Konstanz
56412;Untershausen
56244;Hartenfels
53508;Mayschoß
59821;Arnsberg
65824;Schwalbach am Taunus
56743;Mendig
66919;Hettenhausen
33102;Paderborn
67587;Wintersheim
67434;Neustadt a.d.W.
54529;Spangdahlem
74918;Angelbachtal
89192;Rammingen
66957;Kröppen
56379;Hömberg
76879;Ottersheim bei Landau
53229;Bonn
88630;Pfullendorf
51588;Nümbrecht
47804;Krefeld
73342;Bad Ditzenbach
64711;Erbach, Kreisstadt
88376;Königseggwald
72229;Rohrdorf
68305;Mannheim
56858;Sankt Aldegund
55457;Gensingen
79875;Luchle
76261;Karlsruhe
73230;Kirchheim
54294;Trier
88079;Wiesach
32805;Horn-Bad Meinberg
54450;Freudenburg
71729;Erdmannhausen
74321;Bietigheim-Bissingen
88499;Altheim
55608;Schneppenbach
67753;Relsberg
56858;Altlay
89075;Ulm
73655;Pfahlbronner Mühle
55234;Nack
56825;Weiler
42799;Leichlingen
68519;Viernheim
56254;Moselkern
54516;Wittlich
74613;Öhringen
61184;Karben
56424;Moschheim
45327;Essen
56348;Kestert
71642;Ludwigsburg
56357;Lipporn
47799;Krefeld
41517;Grevenbroich
56459;Bellingen
56244;Kuhnhöfen
74673;Mulfingen
34393;Grebenstein
61273;Wehrheim
76135;Karlsruhe
73441;Bopfingen
76189;Karlsruhe
55469;Simmern/Hunsrück
54636;Fließem
53501;Grafschaft
78098;Triberg
56179;Niederwerth
56370;Wasenbach
66996;Schindhard
50170;Kerpen
69126;Heidelberg
57580;Gebhardshain
73466;Lauchheim
74639;Zweiflingen
66957;Hilst
77704;Oberkirch
66871;Konken
74862;Binau
54487;Wintrich
74740;Adelsheim
60323;Frankfurt am Main
55629;Weitersborn
59063;Hamm
55494;Rheinböllen
56379;Steinsberg
67657;Kaiserslautern
35329;Gemünden (Felda)
56412;Horbach
88212;Ravensburg
63674;Altenstadt
72813;St. Johann
86199;Augsburg
55497;Schnorbach
67294;Ilbesheim
36280;Oberaula
55595;Münchwald
65375;Oestrich-Winkel
74867;Neunkirchen
72202;Nagold
59069;Hamm
54597;Lascheid
36304;Alsfeld
58313;Herdecke
54614;Dingdorf
47445;Moers
79837;Ibach
55566;Ippenschied
56567;Neuwied
33609;Bielefeld
35066;Frankenberg (Eder)
54552;Schönbach
73265;Dettingen
56132;Becheln
40476;Düsseldorf
40721;Hilden
54649;Niederpierscheid
79875;Dachsberg
36039;Fulda
54597;Matzerath
41179;Mönchengladbach
35687;Dillenburg
00124;Belgien
57072;Siegen
4361;Esch-sur-Alzette
76857;Silz
54636;Dockendorf
68259;Mannheim
46047;Oberhausen
79859;Schluchsee
66292;Riegelsberg
41061;Mönchengladbach
76889;Klingenmünster
56814;Ernst
74889;Sinsheim
36163;Poppenhausen (Wasserkuppe)
72221;Haiterbach
67754;Eßweiler
74594;Kreßberg
73326;Deggingen
44649;Herne
56427;Siershahn
57610;Gieleroth
53534;Wiesemscheid
67742;Hausweiler
88255;Baindt
64546;Mörfelden-Walldorf
66987;Thaleischweiler-Fröschen
67681;Wartenberg-Rohrbach
56598;Rheinbrohl
71144;Walzenmühle
34253;Lohfelden
46514;Schermbeck
56651;Galenberg
33719;Bielefeld
57632;Berzhausen
56237;Nauort
42853;Remscheid
52525;Waldfeucht
57555;Brachbach
55234;Hochborn
56472;Großseifen
56754;Binningen
57647;Nistertal
54558;Saxler
46119;Oberhausen
55444;Schöneberg
74579;Finkenberg
44141;Dortmund
64579;Gernsheim, Schöfferstadt
47269;Duisburg
40724;Hilden
56357;Eschbach
55430;Urbar
88361;Eichstegen
89597;Unterwachingen
76761;Rülzheim
78465;Insel Mainau
53505;Kirchsahr
50935;Köln
53173;Bonn
54429;Waldweiler
65929;Frankfurt am Main
73575;Kleemeisterei
78588;Denkingen
88213;Ravensburg
65614;Beselich
68723;Plankstadt
51597;Morsbach
54533;Willwerscheid
76133;Karlsruhe
67706;Krickenbach
55767;Niederbrombach
45357;Essen
88433;Schemmerhofen
56288;Spesenroth
64589;Stockstadt am Rhein
47169;Duisburg
56761;Urmersbach
69436;Schönbrunn
34431;Marsberg
78628;Rottweil
33602;Bielefeld
72172;Sulz
59423;Unna
53842;Troisdorf
54597;Kinzenburg
63454;Hanau
36320;Kirtorf
56269;Dierdorf
70806;Kornwestheim
73566;Birkenteich
77975;Ringsheim
44359;Dortmund
54558;Gillenfeld
56182;Urbar
67259;Großniedesheim
97947;Grünsfeld
33154;Paderborn
56332;Wolken
32609;Hüllhorst
67734;Sulzbachtal
57537;Wissen
76833;Frankweiler
69259;Wilhelmsfeld
44791;Bochum
51373;Leverkusen
65599;Dornburg
42653;Solingen
36219;Cornberg
54552;Üdersdorf
48565;Steinfurt
76891;Bobenthal
63654;Büdingen
97900;Külsheim
73655;Haselhof
89077;Ulm
42549;Velbert
48163;Münster
73669;Lichtenwald
71549;Auenwald
55296;Harxheim
64287;Darmstadt
34233;Fuldatal
88636;Illmensee
34633;Ottrau
56825;Schmitt
74523;Einkorn
46509;Xanten
54340;Bekond
53117;Bonn
76872;Freckenfeld
54484;Maring-Noviand
67308;Zellertal
65203;Wiesbaden
72762;Reutlingen
73453;Rötenbach
41468;Neuss
33184;Altenbeken
67822;Oberhausen a.d.Appel
66907;Rehweiler
34123;Kassel
55288;Partenheim
77728;Oppenau
75323;Bad Wildbad
55758;Niederwörresbach
66879;Steinwenden
55624;Rhaunen
72827;Wannweil
56414;Salz
56593;Güllesheim
56869;Mastershausen
59320;Ennigerloh
54646;Niehl
74372;Sersheim
79798;Jestetten
53121;Bonn
73098;Rechberghausen
55758;Wirschweiler
76872;Erlenbach bei Kandel
54584;Gönnersdorf
44145;Dortmund
51375;Leverkusen
56599;Leutesdorf
71063;Sindelfingen
56414;Weroth
54413;Bescheid
67550;Worms
54311;Trierweiler
54597;Rommersheim
65321;Heidenrod
56281;Karbach
56459;Girkenroth
54612;Lasel
57076;Siegen
34317;Habichtswald
55606;Horbach
54655;Kyllburg
66706;Perl
67663;Kaiserslautern
71711;Murr
46238;Bottrop
57629;Steinebach an der Wied
54597;Neuendorf
89601;Schelklingen
55578;Wallertheim
56593;Obersteinebach
66887;Welchweiler
75447;Sternenfels
73249;Wernau
44267;Dortmund
52355;Düren
56242;Nordhofen
72138;Kirchentellinsfurt
57299;Burbach
54552;Strotzbüsch
69190;Walldorf
88422;Moosburg
36326;Antrifttal
55758;Niederhosenbach
67480;Edenkoben
56767;Höchstberg
51702;Bergneustadt
47803;Krefeld
;Guntersblum
35789;Weilmünster, Marktflecken
89155;Erbach
49497;Mettingen
55608;Berschweiler bei Kirn
57578;Elkenroth
89160;Dornstadt
56729;Ettringen
53520;Harscheid
40547;Düsseldorf
78665;Frittlingen
76857;Wernersberg
71543;Wüstenrot
76848;Spirkelbach
54586;Schüller
57612;Helmenzen
56283;Nörtershausen
57629;Kirburg
71067;Sindelfingen
56316;Niederhofen
58706;Menden
56283;Kratzenburg
59227;Ahlen
77883;Ottenhöfen
56332;Hatzenport
57648;Unnau
79258;Hartheim
73614;Wellingshof
79418;Schliengen
76479;Steinmauern
67691;Hochspeyer
66540;Neunkirchen
76889;Dierbach
54518;Plein
55624;Gösenroth
66125;Saarbrücken
68723;Oftersheim
73489;Jagstzell
65191;Wiesbaden
48341;Altenberge
76891;Busenberg
68199;Mannheim
74214;Schöntal
79777;Ühlingen-Birkendorf
57584;Wallmenroth
70439;Stuttgart
56237;Wittgert
50129;Bergheim
72810;Gomaringen
32683;Barntrup
54422;Züsch
74597;Eulenmühle
74930;Ittlingen
47647;Kerken
54340;Naurath (Eifel)
54675;Sinspelt
88379;Unterwaldhausen
56337;Eitelborn
54426;Breit
73457;Essingen
74858;Aglasterhausen
65462;Ginsheim-Gustavsburg
53506;Lind
54570;Bleckhausen
57627;Heuzert
63589;Linsengericht
54636;Ließem
55286;Sulzheim
89188;Merklingen
56340;Osterspai
56729;Boos
42477;Radevormwald auf der Höhe
38533;Rethen
56727;Reudelsterz
64686;Lautertal (Odenwald)
56377;Nassau
35688;Dillenburg
79674;Todtnau
41541;Dormagen
55118;Mainz
56761;Müllenbach
79282;Ballrechten-Dottingen
40668;Meerbusch
74670;Forchtenberg
55767;Rötsweiler-Nockenthal
67365;Schwegenheim
52156;Monschau
67822;Finkenbach-Gersweiler
56414;Dreikirchen
78733;Aichhalden
56283;Mermuth
56812;Cochem
79395;Neuenburg
56472;Nisterberg
41747;Viersen
56648;Saffig
34281;Gudensberg
65558;Kaltenholzhausen
55758;Sonnschied
73728;Esslingen
76596;Forbach
63477;Maintal
55100;Mainz
33659;Bielefeld
54518;Rivenich
55457;Horrweiler
67591;Mörstadt
36396;Steinau an der Straße, Brüder-Grimm-Stadt
56357;Geisig
76870;Kandel
73095;Albershausen
54552;Udler
73760;Ostfildern
75175;Pforzheim
52070;Aachen
67310;Hettenleidelheim
56769;Arbach
56479;Oberroßbach
79356;Eichstetten
89165;Unterführbuch
67483;Kleinfischlingen
79098;Freiburg
71384;Weinstadt
75399;Untere Mühle
63069;Offenbach am Main
54340;Riol
54570;Weidenbach
64646;Heppenheim (Bergstraße), Kreisstadt
76774;Leimersheim
53347;Alfter
51519;Odenthal
60311;Frankfurt am Main
63607;Wächtersbach
73575;Horner Mühle
67744;Medard
65835;Liederbach am Taunus
40549;Düsseldorf
57632;Flammersfeld
54413;Damflos
55481;Rödern
53426;Dedenbach
54646;Brimingen
8531;ELL
32832;Augustdorf
56288;Bell (Hunsrück)
54472;Burgen
71711;Steinheim
55234;Wendelsheim
32602;Vlotho
88374;Hoßkirch
59229;Ahlen
56357;Dornholzhausen
78476;Allensbach
55270;Schwabenheim a.d.Selz
88459;Rudeshof
37297;Berkatal
58840;Plettenberg
66894;Gerhardsbrunn
56357;Oelsberg
60431;Frankfurt am Main
84028;Landshut
55278;Dolgesheim
66887;Elzweiler
69123;Heidelberg
54349;Trittenheim
52222;Stolberg
57612;Ölsen
56322;Spay
36251;Bad Hersfeld, Kreisstadt
54673;Dauwelshausen
88422;Seekirch
66909;Steinbach am Glan
41372;Niederkrüchten
66509;Rieschweiler-Mühlbach
40599;Düsseldorf
75391;Gechingen
56472;Lautzenbrücken
56290;Gödenroth
33647;Bielefeld
67808;Falkenstein
54597;Merlscheid
76889;Schweighofen
73450;Hochstatter Hof
56584;Anhausen
65556;Limburg a. d. Lahn
53127;Bonn
74532;Landturm
40231;Düsseldorf
56729;Siebenbach
40597;Düsseldorf
42289;Wuppertal
74939;Zuzenhausen
53940;Hellenthal
67112;Mutterstadt
57629;Linden
74239;Hardthausen
41068;Mönchengladbach
54570;Meisburg
73104;Börtlingen
66333;Völklingen
69242;Mühlhausen
75392;Deckenpfronn
71332;Waiblingen
67229;Gerolsheim
91522;Ansbach
55758;Asbach
35102;Lohra
65936;Frankfurt am Main
76332;Bad Herrenalb
67125;Dannstadt-Schauernheim
66121;Saarbrücken
55590;Meisenheim
88422;Kanzach
59302;Oelde
32049;Herford
73349;Eselhöfe
72820;Sonnenbühl
71334;Waiblingen
55758;Veitsrodt
56073;Koblenz
56459;Kaden
54316;Lampaden
56598;Hammerstein
00016;Thüringen
54655;Etteldorf
67744;Rathskirchen
55469;Horn
36367;Wartenberg
64293;Darmstadt
56332;Brodenbach
48268;Greven
66903;Gries
74937;Spechbach
56477;Zehnhausen b.Rennerod
56338;Braubach
61169;Friedberg (Hessen), Kreisstadt
65474;Bischofsheim
66871;Etschberg
57614;Oberwambach
74744;Ahorn
74193;Schwaigern
56761;Hambuch
72160;Oberhof
56357;Gemmerich
00011;Berlin
56746;Kempenich
71277;Rutesheim
59425;Unna
57577;Hamm
63303;Dreieich
56412;Niederelbert
68775;Ketsch
48683;Ahaus
54689;Affler
40219;Düsseldorf
78580;Hammer
56288;Lahr
54411;Hermeskeil
57644;Winkelbach
45279;Essen
47625;Kevelaer
64331;Weiterstadt
59757;Arnsberg
66646;Marpingen
69250;Schönau
NN;Gutsbezirk Reinhardswald
46519;Alpen
54597;Seiwerath
35641;Schöffengrund
54578;Oberbettingen
61200;Wölfersheim
56414;Obererbach
56271;Mündersbach
60488;Frankfurt am Main
57627;Gehlert
88527;Unlingen
35114;Haina (Kloster)
74249;Buchhof, Gem Öhringen
71111;Obere Kleinmichelesmühle
55234;Eppelsheim
65558;Cramberg
79868;Feldberg
40468;Düsseldorf
55490;Henau
66346;Püttlingen
32105;Bad Salzuflen
75449;Wurmberg
54636;Ehlenz
L-4626;Obercorn
63697;Hirzenhain
58636;Iserlohn
67744;Kirrweiler
66879;Oberstaufenbach
54470;Graach an der Mosel
55469;Altweidelbach
53533;Eichenbach
79219;Staufen
56642;Kruft
48712;Gescher
55481;Schwarzen
58644;Iserlohn
41464;Neuss
70191;Stuttgart
57632;Burglahr
73453;Brandhof
44329;Dortmund
66887;Sankt Julian
49545;Tecklenburg
74855;Haßmersheim
73274;Notzingen
67240;Bobenheim-Roxheim
76593;Gernsbach
56479;Willingen
33824;Werther
65629;Niederneisen
56767;Lirstal
76889;Steinfeld
45289;Essen
53547;Kasbach-Ohlenberg
57223;Kreuztal
73734;Esslingen
55120;Mainz
55571;Odernheim am Glan
78354;Sipplingen
73666;Baltmannsweiler
65611;Brechen
73557;Mutlangen
55758;Sien
56766;Ulmen
54675;Obergeckler
72658;Bempflingen
78073;Bad Dürrheim
88486;Kirchberg
44807;Bochum
41199;Mönchengladbach
48366;Laer
74679;Weißbach
66386;St. Ingbert
74925;Epfenbach
78607;Talheim
36041;Fulda
56566;Neuwied
64823;Groß-Umstadt
57632;Walterschen
76846;Hauenstein
79713;Bad Säckingen
32760;Detmold
79336;Herbolzheim
55776;Ruschberg
56479;Niederroßbach
56412;Gackenbach
42855;Remscheid
50674;Köln
48612;Horstmar der Burgmannshöfe
55481;Dillendorf
48165;Münster
56761;Eulgem
45479;Mülheim an der Ruhr
79346;Endingen
57645;Nister
54533;Dierfeld
88631;Beuron
65553;Limburg a. d. Lahn
67685;Erzenhausen
66978;Merzalben
45134;Essen
42105;Wuppertal
56424;Mogendorf
55444;Schweppenhausen
77796;Mühlenbach
79362;Forchheim
68753;Waghäusel
56276;Großmaischeid
56751;Gering
71579;Spiegelberg
79677;Böllen
69115;Heidelberg
88499;Riedlingen
54533;Greimerath
56459;Rothenbach
72359;Dotternhausen
34497;Korbach, Kreisstadt
53902;Bad Münstereifel
73054;Eislingen
58507;Lüdenscheid
71739;Oberriexingen
55471;Fronhofen
54472;Hochscheid
71111;Burkhardtsmühle
;Schieren
67591;Offstein
53506;Rech
88477;Schwendi
88368;Bergatreute
73568;Weggen-Ziegelhütte
73072;Donzdorf
42655;Solingen
56244;Helferskirchen
74547;Untermünkheim
54673;Krautscheid
56858;Liesenich
70178;Stuttgart
33689;Bielefeld
54636;Niederweiler
54589;Kerschenbach
78148;Gütenbach
57627;Marzhausen
55491;Büchenbeuren
88515;Langenenslingen
45899;Gelsenkirchen
54636;Oberweis
77743;Neuried
54570;Mürlenbach
56828;Alflen
71065;Sindelfingen
71735;Eberdingen
71116;Gärtringen
48455;Bad Bentheim
54673;Plascheid
72072;Tübingen
56414;Zehnhausen b.Wallmerod
67826;Hallgarten
54552;Sarmersbach
55276;Oppenheim
67346;Speyer
73569;Bräunlesrain
57518;Betzdorf
73568;Leinhäusle
55758;Sulzbach
55432;Niederburg
56288;Braunshorn
69412;Eberbach
67806;Teschenmoschel
56729;Welschenbach
75365;Calw
44625;Herne
75038;Oberderdingen
37194;Wahlsburg
67699;Heiligenmoschel
54411;Rorodt
55758;Sensweiler
65232;Taunusstein
71577;Hals
56340;Dachsenhausen
56626;Andernach
42399;Wuppertal
53534;Bauler
54646;Bettingen
88255;Baienfurt
55437;Nieder-Hilbersheim
67147;Forst an der Weinstr.
56357;Niederbachheim
50171;Kerpen
56132;Dausenau
56825;Beuren
55234;Bermersheim v.d.Höhe
70180;Stuttgart
55608;Hausen
73579;Schechingen
53757;Sankt Augustin
56370;Eisighofen
78056;Villingen-Schwenningen
54668;Niederweis
32369;Rahden
56414;Hundsangen
66359;Bous
74182;Obersulm
57399;Kirchhundem
35075;Gladenbach
44867;Bochum
88267;Vogt
69198;Schriesheim
35415;Pohlheim
73497;Tannhausen
66877;Ramstein-Miesenbach
77709;Wolfach
57612;Volkerzen
55765;Dienstweiler
56745;Rieden
79276;Reute
75203;Königsbach-Stein
65812;Bad Soden am Taunus
53520;Reifferscheid
54552;Darscheid
36160;Dipperz
67165;Waldsee
36148;Kalbach
75339;Höfen
55592;Rehborn
69493;Hirschberg
73568;Durlangen
55471;Ravengiersburg
56861;Reil
65558;Langenscheid
73337;Bad Überkingen
66909;Wahnwegen
67593;Bermersheim
72361;Hausen
75059;Egonmühle
64401;Groß-Bieberau
63699;Kefenrod
67814;Jakobsweiler
61348;Bad Homburg v. d. Höhe
48356;Nordwalde
47055;Duisburg
34369;Hofgeismar
66894;Martinshöhe
52459;Inden
56769;Retterath
55758;Herborn
56593;Horhausen
69226;Nußloch
56291;Norath
54470;Lieser
89619;Unterstadion
54424;Thalfang
57629;Müschenbach
35586;Wetzlar
59348;Lüdinghausen
53604;Bad Honnef
54673;Zweifelscheid
34131;Kassel
35274;Kirchhain
54457;Wincheringen
55278;Eimsheim
65558;Isselbach
67724;Gundersweiler
54673;Gemünd
54673;Bauler
54439;Merzkirchen
56379;Horhausen
70597;Stuttgart
56220;Bassenheim
56457;Hergenroth
66954;Pirmasens
56759;Leienkaul
58515;Lüdenscheid
56244;Freirachdorf
73650;Winterbach
74585;Horschhof
63694;Limeshain
33175;Bad Lippspringe
79793;Wutöschingen
55425;Waldalgesheim
57610;Almersbach
91555;Feuchtwangen
73574;Pfaffenhäusle
59067;Hamm
77889;Seebach
34582;Borken (Hessen)
67487;Maikammer
54298;Aach
78262;Gailingen
66894;Langwieden
71636;Ludwigsburg
66806;Ensdorf
73430;Aalen
73453;Suhhaus
34379;Calden
54441;Wawern
72582;Grabenstetten
67701;Schallodenbach
74376;Gemmrigheim
56858;Rödelhausen
67827;Becherbach
56843;Burg (Mosel)
67693;Waldleiningen
55288;Udenheim
57520;Neunkhausen
63679;Schotten
47495;Rheinberg
73235;Weilheim
75248;Ölbronn-Dürrn
73529;Bärenhof
55276;Dienheim
36266;Heringen (Werra)
55413;Weiler bei Bingen
75179;Pforzheim
78343;Gaienhofen
55483;Dickenschied
55218;Ingelheim am Rhein
60598;Frankfurt am Main
56825;Gillenbeuren
48282;Emsdetten
76831;Heuchelheim-Klingen
56294;Gierschnach
54646;Burg
56133;Fachbach
89522;Christophruhe
50667;Köln
88436;Venusberg
55442;Stromberg
52078;Aachen
41334;Nettetal
55278;Uelversheim
41812;Erkelenz
79736;Rickenbach
55278;Köngernheim
75056;Sulzfeld
65558;Oberneisen
65558;Hirschberg
89605;Altheim
54662;Speicher
48336;Sassenberg
55483;Heinzenbach
48324;Sendenhorst
78250;Tengen
44287;Dortmund
50827;Köln
58093;Hagen
54426;Talling
54636;Ingendorf
74238;Krautheim
67749;Offenbach-Hundheim
55234;Freimersheim
34434;Borgentreich
53533;Aremberg
89194;Schnürpflingen
73453;Fach
45145;Essen
67307;Göllheim
71282;Hemmingen
76356;Weingarten
32547;Bad Oeynhausen
54426;Immert
73655;Ilgenhof
65817;Eppstein
55624;Oberkirn
89617;Untermarchtal
55490;Gemünden
56459;Kölbingen
67098;Bad Dürkheim
47179;Duisburg
34632;Jesberg
54597;Strickscheid
35260;Stadtallendorf
56377;Schweighausen
73553;Voggenmühlhöfle
54664;Auw an der Kyll
55471;Neuerkirch
56767;Sassen
67823;Sitters
53547;Hausen (Wied)
52531;Übach-Palenberg
55494;Dichtelbach
74343;Sachsenheim
72351;Geislingen
56357;Obertiefenbach
77797;Ohlsbach
56242;Selters (Westerwald)
44135;Dortmund
35583;Wetzlar
45355;Essen
65183;Wiesbaden, Landeshauptstadt
5253;Sandweiler
66851;Steinalben
34479;Breuna
47829;Krefeld
60388;Frankfurt am Main
72160;Horb
44651;Herne
55469;Ohlweiler
55546;Pfaffen-Schwabenheim
50739;Köln
76831;Impflingen
33428;Harsewinkel
55624;Weitersbach
56317;Linkenbach
54558;Winkel (Eifel)
72539;Pfronstetten
65933;Frankfurt am Main
73114;Schlat
53340;Meckenheim
55767;Leisel
54597;Masthorn
75387;Neubulach
67808;Weitersweiler
54570;Wallenborn
66287;Quierschied
56299;Ochtendung
56290;Beltheim
73485;Ellrichsbronn
52379;Langerwehe
78083;Ebersteinerhof
74632;Haberhof
71560;Mittelfischbach
71111;Waldenbuch
54552;Utzerath
54293;Trier
55576;Badenheim
73655;Schenkhöfle
;Flaxweiler
76891;Erlenbach bei Dahn
74245;Löwenstein
41066;Mönchengladbach
44263;Dortmund
55765;Rimsberg
79194;Heuweiler
55278;Dalheim
65396;Walluf
55270;Sörgenloch
53534;Hoffeld
88447;Warthausen
73642;Schautenhof
66701;Beckingen
75428;Illingen
63856;Bessenbach
78256;Steißlingen
68809;Neulußheim
48153;Münster
35041;Marburg
54673;Karlshausen
56729;Bermel
54649;Pintesfeld
53547;Roßbach
35690;Dillenburg
59071;Hamm
65343;Eltville am Rhein
63225;Langen (Hessen)
58511;Lüdenscheid
83329;Waging am See
63505;Langenselbold
54673;Heilbach
59964;Medebach
56294;Wierschem
33034;Brakel
56281;Hungenroth
46342;Velen
63584;Gründau
88529;Zwiefalten
76599;Weisenbach
75385;Glasmühle
58739;Wickede
52538;Gangelt
67593;Westhofen
76889;Barbelroth
54587;Birgel
73453;Langenhalde
74366;Kirchheim
79686;Hasel
35112;Fronhausen
79271;St. Peter
76676;Graben-Neudorf
55450;Langenlonsheim
74575;Schrozberg
55278;Hahnheim
55288;Gabsheim
76831;Billigheim-Ingenheim
53639;Königswinter
54655;Wilsecker
79206;Breisach
58640;Iserlohn
54664;Hosten
89611;Rechtenstein
88085;Langenargen
76229;Karlsruhe
41466;Neuss
56291;Laudert
54597;Neuheilenbach
56237;Caan
47805;Krefeld
54619;Kesfeld
56288;Laubach
55545;Bad Kreuznach
88454;Hochdorf
55566;Daubach
70374;Stuttgart
71404;Korb
56477;Rennerod
79853;Lenzkirch
67697;Otterberg
53539;Welcherath
53332;Bornheim
57610;Ingelbach
51647;Gummersbach
72417;Jungingen
71577;Großerlach
73054;Näherhof
75395;Ostelsheim
54441;Kirf
55765;Dambach
77781;Biberach
60386;Frankfurt am Main
56288;Kastellaun
55566;Bad Sobernheim
51069;Köln
56729;Baar
70437;Stuttgart
72818;Trochtelfingen
74177;Bad Friedrichshall
56814;Wirfus
55618;Simmertal
73553;Birkhof
56271;Maroth
55765;Ellweiler
73092;Heiningen
45699;Herten
54313;Zemmer
47138;Duisburg
64853;Otzberg
79367;Weisweil
66578;Schiffweiler
45475;Mülheim an der Ruhr
53547;Leubsdorf
97990;Weikersheim
71560;Sulzbach
35315;Homberg (Ohm)
57629;Höchstenbach
55566;Rehbach
79677;Fröhnd
63688;Gedern
33604;Bielefeld
56729;Luxem
40237;Düsseldorf
54424;Gielert
74564;Heldenmühle
56865;Hesweiler
56412;Daubach
56767;Mosbruch
66539;Neunkirchen
79112;Freiburg
56753;Trimbs
69437;Neckargerach
68167;Mannheim
54292;Trier
57612;Isert
67821;Alsenz
78597;Irndorf
73037;Iltishof
58675;Hemer
63633;Birstein
57392;Schmallenberg
54317;Farschweiler
65510;Hünstetten
88422;Dürnau
66849;Landstuhl
72587;Römerstein
73527;Schwäbisch Gmünd
54455;Serrig
75394;Oberreichenbach
55592;Jeckenbach
50321;Brühl
36323;Grebenau
59955;Winterberg
54673;Ammeldingen b.Neuerb.
67487;Sankt Martin
57271;Hilchenbach
47877;Willich
60318;Frankfurt am Main
45259;Essen
56729;Monreal
66128;Saarbrücken
71576;Burgstetten
54597;Lünebach
70378;Stuttgart
77773;Schenkenzell
73569;Eschach
54616;Winterspelt
65552;Limburg a. d. Lahn
56865;Walhausen
56281;Schwall
73489;Sperrhof
54552;Ellscheid
73441;Osterholz
74249;Trautenhof
66909;Matzenbach
54689;Übereisenbach
56766;Horperath
60389;Frankfurt am Main
76879;Hochstadt (Pfalz)
71543;Stocksberg, Gem Beilstein
69151;Neckargemünd
88370;Ebenweiler
89189;Neenstetten
72589;Westerheim
49477;Ibbenbüren
88377;Riedhausen
56307;Harschbach
54332;Wasserliesch
45128;Essen
56858;Forst (Hunsrück)
56841;Traben-Trarbach
76351;Linkenheim-Hochstetten
72764;Reutlingen
73655;Plüderhausen
54413;Gusenburg
54646;Stockem
41063;Mönchengladbach
15913;Märkische Heide
56357;Auel
56814;Ediger-Eller
55779;Heimbach
41363;Jüchen
63526;Erlensee
55127;Mainz
07937;Zeulenroda
56746;Hohenleimbach
89604;Allmendingen
79427;Eschbach
73453;Abtsgmünd
76889;Schweigen-Rechtenbach
40217;Düsseldorf
66887;Neunkirchen am Potzb.
54424;Burtscheid
57629;Dreifelden
33014;Bad Driburg
57639;Rodenbach b.Puderbach
47906;Kempen
51491;Overath
32676;Lügde der Osterräder
76865;Insheim
58339;Breckerfeld
78580;Bärenthal
56288;Michelbach
34134;Kassel
47533;Kleve
55566;Kirschroth
79283;Bollschweil
79585;Steinen
66871;Ehweiler
55767;Siesbach
79400;Kandern
55592;Desloch
34246;Vellmar
75045;Walzbachtal
88326;Aulendorf
75228;Ispringen
50169;Kerpen
71570;Katharinenhof
32051;Herford
77770;Durbach
54317;Herl
79804;Dogern
73072;Frauenholz
55288;Spiesheim
78564;Reichenbach
73033;Göppingen
61350;Bad Homburg v. d. Höhe
52159;Roetgen
67468;Neidenfels
37242;Bad Sooden-Allendorf
32756;Detmold
68782;Brühl
66994;Dahn
75334;Straubenhardt
53572;Bruchhausen
51429;Bergisch Gladbach
67737;Olsbrücken
67806;Rockenhausen
45481;Mülheim an der Ruhr
54619;Großkampenberg
56220;Kettig
78554;Michelhölzle
54636;Rittersdorf
71549;Glaitenhof
66851;Oberarnbach
52076;Aachen
55270;Essenheim
72336;Balingen
45966;Gladbeck
66894;Wiesbach
54636;Nattenheim
54552;Dreis-Brück
35282;Rauschenberg
45239;Essen
55593;Rüdesheim
55469;Pleizenhausen
50127;Bergheim
56587;Oberraden
54614;Winringen
72297;Völmlesmühle
42899;Remscheid
57635;Weyerbusch
54655;Orsfeld
67150;Niederkirchen b.Deid.
28195;Bremen
56075;Koblenz
64757;Rothenberg
56357;Reitzenhain
74635;Kupferzell
65201;Wiesbaden
76835;Rhodt unter Rietburg
54636;Hüttingen an der Kyll
74172;Neckarsulm
54662;Philippsheim
56645;Nickenich
74357;Bönnigheim
48161;Münster
57572;Niederfischbach
66887;Niederalben
54411;Deuselbach
66903;Frohnhofen
54608;Sellerich
72574;Bad Urach
54441;Taben-Rodt
66503;Dellfeld
66501;Großbundenbach
66871;Reichweiler
56769;Mannebach
54426;Neunkirchen
66111;Saarbrücken
36289;Friedewald
45711;Datteln
88662;Überlingen
71126;Gäufelden
55776;Hahnweiler
54570;Hohenfels-Essingen
54595;Orlenbach
3855;Shifflange
61279;Grävenwiesbach
55237;Flonheim
68549;Ilvesheim
34295;Edermünde
56355;Winterwerb
58239;Schwerte
56357;Nochern
55490;Woppenroth
54668;Kaschenbach
54472;Longkamp
53177;Bonn
72285;Pfalzgrafenweiler
59558;Lippstadt
56242;Marienrachdorf
67141;Neuhofen
59077;Hamm
56412;Boden
56305;Puderbach
70193;Stuttgart
34621;Frielendorf
55278;Weinolsheim
88361;Boms
34128;Kassel
75239;Eisingen
76857;Eußerthal
88400;Biberach
69251;Gaiberg
54636;Baustert
66957;Eppenbrunn
56341;Filsen
33699;Bielefeld
66957;Schweix
56346;Lykershausen
73565;Stutzenklinge
54552;Immerath
54673;Leimbach
74199;Untergruppenbach
73312;Geislingen
88441;Mittelbiberach
55758;Schauren
33739;Bielefeld
74388;Talheim
55432;Damscheid
56288;Bubach
54472;Brauneberg
50858;Köln
35576;Wetzlar
67471;Elmstein
71665;Vaihingen
57632;Ziegenhain
72296;Schopfloch
67744;Seelen
57612;Birnbach
40239;Düsseldorf
74389;Cleebronn
66851;Queidersbach
74424;Bühlertann
55257;Budenheim
54649;Mauel
56864;Bad Bertrich
71120;Grafenau
56348;Dörscheid
36329;Romrod
48734;Reken
47665;Sonsbeck
89613;Oberstadion
32425;Minden
73117;Wangen
79595;Rümmingen
46395;Bocholt
52223;Stolberg
56307;Dürrholz
56271;Kleinmaischeid
51381;Leverkusen
66484;Großsteinhausen
67354;Römerberg
54346;Mehring
57635;Mehren
54518;Heckenmünster
79539;Lörrach
36287;Breitenbach a. Herzberg
55239;Gau-Odernheim
72501;Gammertingen
55129;Mainz
64743;Beerfelden
L-7421;Cruchten
55481;Hecken
77756;Hausach
74541;Vellberg
57489;Drolshagen
45892;Gelsenkirchen
56729;Ditscheid
73460;Hüttlingen
73266;Diepoldsburg
33813;Oerlinghausen
54314;Schömerich
54584;Feusdorf
45884;Gelsenkirchen
65520;Bad Camberg
67245;Lambsheim
64654;Mörfelden-Waldorf
65558;Balduinstein
55469;Nannhausen
64750;Lützelbach
74582;Gerabronn
56291;Niedert
73467;Kirchheim
37218;Witzenhausen
51645;Gummersbach
54310;Ralingen
56244;Goddert
56746;Spessart
57629;Limbach
44627;Herne
46325;Borken
59199;Bönen
59556;Lippstadt
57078;Siegen
74226;Nordheim
36110;Schlitz
59192;Bergkamen
69124;Heidelberg
67368;Westheim (Pfalz)
56767;Kaperich
58791;Werdohl
56170;Bendorf
67829;Reiffelbach
71711;Hinterbirkenhof
79669;Zell
75245;Neulingen
60529;Frankfurt am Main
54552;Dockweiler
37276;Meinhard
66978;Leimen
67580;Hamm
67759;Reichsthal
66802;Überherrn
66484;Riedelberg
46562;Voerde
52064;Aachen
42897;Remscheid
74249;Buchhof, Gem Hardthausen
63450;Hanau, Brüder-Grimm-Stadt
69434;Hirschhorn (Neckar)
56191;Weitersburg
55606;Oberhausen bei Kirn
48432;Rheine
48653;Coesfeld
54531;Eckfeld
35614;Aßlar
59427;Unna
73257;Köngen
53534;Barweiler
67256;Weisenheim am Sand
48496;Hopsten
63796;Alzenau
76307;Karlsbad
44149;Dortmund
76275;Ettlingen
58097;Hagen
50189;Elsdorf
67742;Adenbach
74235;Erlenbach
54655;Sankt Thomas
67808;Imsweiler
54649;Waxweiler
55452;Windesheim
74255;Roigheim
36399;Freiensteinau
76835;Gleisweiler
66871;Theisbergstegen
88074;Meckenbeuren
54689;Dahnen
70195;Stuttgart
44225;Dortmund
76835;Roschbach
69121;Heidelberg
50670;Köln
34477;Twistetal
48317;Drensteinfurt
74243;Langenbrettach
54647;Dudeldorf
66882;Hütschenhausen
67725;Börrstadt
44265;Dortmund
66909;Hüffler
76879;Knittelsheim
76437;Rastatt
34286;Spangenberg, Liebenbachstadt
54317;Kasel
66976;Rodalben
37216;Witzenhausen
37671;Höxter
33378;Rheda-Wiedenbrück
56077;Koblenz
55765;Birkenfeld
56357;Marienfels
35452;Heuchelheim
76857;Münchweiler a. Klingb.
54426;Malborn
65399;Kiedrich
72415;Grosselfingen
66399;Mandelbachtal
56472;Dreisbach
41352;Korschenbroich
97082;Würzburg
70378;Sonnenhof
79183;Waldkirch
57258;Freudenberg
55629;Seesbach
55585;Norheim
64407;Fränkisch-Crumbach
33154;Salzkotten
56754;Möntenich
50679;Köln
74834;Heidersbacher Mühle
35418;Buseck
56812;Dohr
56656;Brohl-Lützing
72800;Eningen
56357;Ruppertshofen
52066;Aachen
72511;Bingen
45721;Haltern am See
54675;Mettendorf
54518;Dodenburg
89143;Blaubeuren
67806;Dörrmoschel
88456;Ingoldingen
54552;Brockscheid
88677;Markdorf
69120;Heidelberg
53579;Erpel
58849;Herscheid
88090;Immenstaad
79737;Herrischried
66903;Ohmbach
54584;Jünkerath
72669;Unterensingen
57632;Peterslahr
44289;Dortmund
50354;Hürth
77963;Schwanau
77716;Fischerbach
75399;Unterreichenbach
56244;Weidenhahn
72076;Tübingen
47509;Rheurdt
79790;Küssaberg
68239;Mannheim
67281;Kirchheim a.d.Weinstr.
74429;Sulzbach-Laufen
57439;Attendorn
65554;Limburg a. d. Lahn
35305;Grünberg
64859;Eppertshausen
56462;Höhn
34119;Kassel
56745;Volkesfeld
53577;Neustadt (Wied)
89584;Lauterach
59174;Kamen
53424;Remagen
56814;Landkern
56584;Thalhausen
71579;Warthof
68150;Mannheim
36166;Haunetal
54497;Morbach
55596;Schloßböckelheim
63500;Seligenstadt
54649;Oberpierscheid
57629;Mörsbach
56858;Tellig
69469;Weinheim
54413;Geisfeld
56727;Sankt Johann
76857;Völkersweiler
55758;Hottenbach
75397;Simmozheim
54668;Schankweiler
65385;Rüdesheim am Rhein
67294;Stetten
67811;Dielkirchen
54421;Reinsfeld
79111;Freiburg
73266;Bissingen
66571;Eppelborn
64668;Rimbach
67599;Gundheim
57537;Forst
73630;Remshalden
54614;Giesdorf
54578;Kerpen (Eifel)
56237;Sessenbach
73453;Obersiegenbühl
65549;Limburg a. d. Lahn, Kreisstadt
64289;Darmstadt
55767;Abentheuer
44309;Dortmund
67744;Hohenöllen
34537;Bad Wildungen
40479;Düsseldorf
41460;Neuss
57627;Astert
79594;Inzlingen
73575;Mulfingen
55494;Wahlbach
89160;Himmelweiler
72160;Oberer Eutinger Talhof
79429;Malsburg-Marzell
67744;Hoppstädten
70182;Stuttgart
64385;Reichelsheim (Odenwald)
56357;Lierschied
67707;Schopp
56751;Polch
88709;Meersburg
72184;Eutingen
51067;Köln
67475;Weidenthal
56414;Molsberg
56814;Illerich
44379;Dortmund
77723;Gengenbach
55758;Breitenthal
47279;Duisburg
44339;Dortmund
72532;Gomadingen
66903;Altenkirchen
56291;Utzenhain
54610;Büdesheim
56729;Langenfeld
74653;Ingelfingen
35619;Braunfels
53498;Bad Breisig
56291;Mühlpfad
89183;Breitingen
54570;Kirchweiler
53533;Müsch
54533;Oberöfflingen
54675;Hüttingen bei Lahr
42579;Heiligenhaus
56825;Urschmitt
56290;Buch
56379;Dienethal
55481;Todenroth
56379;Obernhof
66879;Kottweiler-Schwanden
65207;Wiesbaden
54636;Sülm
57614;Ratzert
71686;Remseck
35685;Dillenburg
56291;Birkheim
50737;Köln
45138;Essen
89143;Hinterer Hessenhof
66894;Rosenkopf
53545;Ockenfels
88427;Bad Schussenried
63579;Freigericht
61479;Glashütten
54597;Feuerscheid
53343;Wachtberg
55595;Gutenberg
57520;Langenbach bei Kirburg
48727;Billerbeck
10585;Berlin
33605;Bielefeld
56323;Waldesch
56867;Briedel
53518;Quiddelbach
48485;Neuenkirchen
66904;Brücken (Pfalz)
53881;Euskirchen
89522;Buchhof
47638;Straelen
41236;Mönchengladbach
34466;Wolfhagen
51688;Wipperfürth
55452;Laubenheim
54611;Scheid
40472;Ratingen
56823;Büchel
78465;Konstanz
72581;Dettingen
67742;Buborn
55578;Vendersheim
60486;Frankfurt am Main
47447;Moers
72419;Neufra
56729;Weiler
53539;Borler
44866;Bochum
60487;Frankfurt am Main
66887;Horschbach
89182;Bernstadt
56316;Hanroth
78591;Durchhausen
79232;March
78669;Wellendingen
77974;Meißenheim
59590;Geseke
72213;Altensteig
56244;Maxsain
72070;Tübingen
46414;Rhede
54538;Bausendorf
73116;Wäschenbeuren
53909;Zülpich
72414;Rangendingen
78359;Orsingen-Nenzingen
42699;Solingen
36341;Lauterbach (Hessen), Kreisstadt
57555;Mudersbach
45143;Essen
35279;Neustadt (Hessen)
67273;Weisenheim am Berg
56235;Ransbach-Baumbach
88525;Dürmentingen
53773;Hennef
76887;Bad Bergzabern
55268;Nieder-Olm
76751;Jockgrim
79739;Schwörstadt
72535;Heroldstatt
53474;Bad Neuenahr-Ahrweiler
51145;Köln
47551;Bedburg-Hau
55606;Brauweiler
67161;Gönnheim
47807;Krefeld
63637;Jossgrund
42857;Remscheid
56283;Beulich
73119;Zell
76448;Durmersheim
67678;Mehlingen
74405;Gaildorf
73434;Untersiegenbühl
53840;Troisdorf
00004;Bremen
78652;Deißlingen
67294;Morschheim
56348;Dahlheim
74597;Mittelmühle
55237;Bornheim
69488;Birkenau
45144;Essen
54636;Feilsdorf
74632;Neuenstein
52391;Vettweiß
40593;Düsseldorf
66424;Homburg
89522;Asbach
56814;Faid
56754;Dünfus
52457;Aldenhoven
53859;Niederkassel
54536;Kröv
79254;Oberried
76833;Siebeldingen
56218;Mülheim-Kärlich
65582;Hambach
89165;Halbertshof
67752;Wolfstein
75031;Neuhof
76855;Annweiler am Trifels
58091;Hagen
55234;Bechenheim
34359;Reinhardshagen
55546;Frei-Laubersheim
51063;Köln
72226;Simmersfeld
36151;Burghaun
64397;Modautal
57610;Altenkirchen
59519;Möhnesee
42327;Wuppertal
56843;Irmenach
73441;Heerhof
78532;Tuttlingen
68219;Mannheim
78234;Engen
41849;Wassenberg
35096;Weimar (Lahn)
73107;Eschenbach
59510;Lippetal
54523;Hetzerath
65589;Hadamar
79837;St. Blasien
67714;Waldfischbach-Burgalben
56348;Patersberg
69118;Heidelberg
67715;Geiselberg
56579;Rengsdorf
57635;Wölmersen
61138;Niederdorfelden
66887;Jettenbach
55483;Kappel
89597;Munderkingen
36217;Ronshausen
47139;Duisburg
73099;Adelberg
67482;Freimersheim
54636;Altscheid
48619;Heek
55758;Kempfeld
53506;Kesseling
58638;Iserlohn
32423;Minden
50859;Köln
56414;Bilkheim
56357;Miehlen
56132;Kemmenau
64390;Erzhausen
54539;Ürzig
74931;Lobbach
56370;Gutenacker
37215;Witzenhausen
55452;Dorsheim
56769;Bereborn
54296;Trier
76337;Waldbronn
78595;Hausen
72655;Altdorf
88499;Emeringen
74921;Helmstadt-Bargen
32699;Extertal
74532;Ilshofen
32429;Minden
56332;Lehmen
34399;Oberweser
61476;Kronberg im Taunus
41379;Brüggen
65624;Altendiez
97950;Großrinderfeld
56477;Waigandshain
76771;Hördt
56865;Reidenhausen
61130;Nidderau
64839;Münster
47627;Kevelaer
54669;Bollendorf
54595;Watzerath
76863;Herxheimweyher
56294;Münstermaifeld
57250;Netphen
67808;Schönborn
66989;Nünschweiler
74399;Walheim
72189;Vöhringen
34130;Kassel
66851;Bann
46539;Dinslaken
55452;Rümmelsheim
57641;Oberlahr
54619;Eschfeld
40595;Düsseldorf
89129;Setzingen
56767;Oberelz
55270;Engelstadt
55767;Brücken
72270;Baiersbronn
67731;Otterbach
40235;Düsseldorf
35799;Merenberg, Marktflecken
42781;Haan
57520;Emmerzhausen
66879;Niedermohr
58553;Halver
56368;Ergeshausen
56379;Scheidt
88416;Steinhausen
56290;Lütz
74251;Lehrensteinsfeld
34590;Wabern
53520;Wershofen
88436;Eberhardzell
57629;Malberg
55595;Wallhausen
78736;Epfendorf
54612;Nimshuscheid
55758;Stipshausen
59939;Olsberg
76474;Au
56355;Lautert
34388;Trendelburg
36211;Alheim
55585;Duchroth
54316;Hockweiler
57539;Bitzen
46149;Oberhausen
56412;Oberelbert
72406;Bisingen
67061;Ludwigshafen
88214;Ravensburg
88353;Kißlegg
76476;Bischweier
56587;Straßenhaus
56459;Berzhahn
55452;Hergenfeld
67753;Rothselberg
73432;Aalen
67578;Gimbsheim
78266;Büsingen
66649;Oberthal
74229;Oedheim
44879;Bochum
74572;Blaufelden
53498;Waldorf
64683;Einhausen
67808;Mörsfeld
65326;Aarbergen
55413;Oberdiebach
48167;Münster
55624;Schwerbach
66909;Herschweiler-Pettersh.
73349;Wiesensteig
73272;Neidlingen
56370;Berndroth
54492;Erden
73492;Rainau
67280;Quirnheim
42111;Wuppertal
97896;Freudenberg
79299;Wittnau
56593;Krunkel
73278;Schlierbach
56316;Raubach
34270;Schauenburg
54570;Rockeskyll
75210;Keltern
36284;Hohenroda
37281;Wanfried
76835;Weyher in der Pfalz
41515;Grevenbroich
63796;Kahl
66640;Namborn
36115;Ehrenberg (Rhön)
88373;Muttenhaus
42103;Wuppertal
76767;Hagenbach
67722;Winnweiler
79848;Bonndorf
57612;Helmeroth
66981;Münchweiler a.d. Rodalb
66583;Spiesen-Elversberg
66115;Saarbrücken
79297;Winden
59457;Werl
61118;Bad Vilbel
42287;Wuppertal
54413;Grimburg
54595;Prüm
88699;Frickingen
67136;Fußgönheim
35285;Gemünden (Wohra)
54595;Weinsheim
53520;Senscheid
75236;Kämpfelbach
34376;Immenhausen
79591;Eimeldingen
56357;Bogel
36208;Wildeck
56244;Hahn am See
67596;Dittelsheim-Heßloch
50676;Köln
54518;Bruch
73249;Berghof
78259;Mühlhausen-Ehingen
40489;Düsseldorf
74722;Buchen
34266;Niestetal
58513;Lüdenscheid
54317;Riveris
66996;Hirschthal
57074;Siegen
76863;Herxheim bei Landau/Pf
74549;Wolpertshausen
67071;Ludwigshafen
56220;Kaltenengers
73087;Bad Boll
37247;Großalmerode
55595;Mandel
32108;Bad Salzuflen
76835;Flemlingen
54317;Lorscheid
54426;Merschbach
56459;Stockum-Püschen
55767;Oberbrombach
73575;Horn
70825;Korntal-Münchingen
79285;Ebringen
54441;Wellen
53539;Gelenberg
89610;Oberdischingen
54636;Seffern
78087;Mönchweiler
46282;Dorsten
67724;Gehrweiler
54597;Reuth
74579;Buchmühle
56729;Kehrig
55546;Neu-Bamberg
88147;Achberg
33818;Leopoldshöhe
97993;Creglingen
35578;Wetzlar
42651;Solingen
41469;Neuss
57635;Rettersen
55471;Biebern
70186;Stuttgart
56412;Welschneudorf
74731;Walldürn
60327;Frankfurt am Main
76684;Östringen
33178;Borchen
48145;Münster
71155;Altdorf
76865;Rohrbach
56412;Görgeshausen
74374;Zaberfeld
67468;Frankeneck
45257;Essen
53426;Königsfeld
59065;Hamm
54552;Neichen
34576;Homberg (Efze), Kreisstadt
88285;Bodnegg
54576;Hillesheim
59073;Hamm
67575;Eich
76139;Karlsruhe
55585;Niederhausen
46569;Hünxe
45468;Mülheim an der Ruhr
67659;Kaiserslautern
66129;Saarbrücken
56379;Holzappel
79730;Murg
66133;Saarbrücken
56357;Berg
78713;Gifizenmoos
47798;Krefeld
66919;Schauerberg
72294;Grömbach
53506;Hönningen
54298;Welschbillig
78664;Eschbronn
32758;Detmold
35239;Steffenberg
56858;Altstrimmig
73116;Schützenhof
55578;Gau-Weinheim
66989;Höheinöd
67271;Battenberg (Pfalz)
54675;Niedergeckler
53225;Bonn
66909;Krottelbach
74542;Braunsbach
56459;Pottum
77740;Bad Peterstal-Griesbach
69483;Wald-Michelbach
56814;Greimersburg
53520;Schuld
50939;Köln
57632;Seifen
55776;Frauenberg
49163;Bohmte
79235;Vogtsburg
73525;Schwäbisch Gmünd
35085;Ebsdorfergrund
45659;Recklinghausen
56767;Kötterichen
63667;Nidda
64504;Groß-Gerau
60313;Frankfurt am Main
54426;Berglicht
55595;Argenschwang
73577;Heiligenbruck
54619;Reiff
78733;Neuhaus
74597;Stimpfach
58710;Menden
44532;Lünen
88276;Berg
53498;Gönnersdorf
54295;Trier
64689;Grasellenbach
79280;Au
67297;Marnheim
78136;Schonach
57520;Niederdreisbach
54534;Schladt
67271;Neuleiningen
74348;Lauffen
72760;Reutlingen
58730;Fröndenberg/Ruhr
36214;Nentershausen
51149;Köln
67134;Birkenheide
67308;Ottersheim
54597;Euscheid
54439;Saarburg
56424;Ebernhahn
56479;Homberg
72505;Krauchenwies
78594;Gunningen
34311;Naumburg
72461;Albstadt
74579;Finkenhaus
55124;Mainz
54340;Leiwen
36318;Schwalmtal
35080;Bad Endbach
64678;Lindenfels
54570;Salm
73463;Westhausen
74579;Hahnenmühle
55758;Oberreidenbach
66851;Horbach
89197;Weidenstetten
35781;Weilburg
56414;Herschbach
50823;Köln
48151;Münster
44787;Bochum
76889;Birkenhördt
73642;Klingenmühlhöfle
72631;Aichtal
57334;Bad Laasphe
71034;Böblingen
53539;Bongard
68165;Mannheim
88371;Ebersbach-Musbach
74821;Mosbach
89522;Heidenheim
63110;Rodgau
45329;Essen
56290;Mörsdorf
89129;Wettingen
72367;Weilen
54329;Konz
66869;Ruthweiler
55765;Elchweiler
54518;Hupperath
55131;Mainz
73566;Bibersohl
55596;Waldböckelheim
66132;Saarbrücken
56818;Klotten
53518;Kottenborn
64380;Roßdorf
71540;Murrhardt
35428;Langgöns
34414;Warburg
55234;Offenheim
35394;Gießen
56332;Löf
55234;Biebelnheim
69256;Mauer
60322;Frankfurt am Main
50181;Bedburg
67753;Aschbach
57572;Harbach
88480;Achstetten
67724;Höringen
67752;Oberweiler-Tiefenbach
55595;Burgsponheim
40211;Düsseldorf
67269;Grünstadt
54634;Metterich
79780;Stühlingen
35510;Butzbach, Friedrich-Ludwig-Weidig-Stadt
48369;Saerbeck
74545;Michelfeld
57520;Mauden
76669;Bad Schönborn
56179;Vallendar
89542;Herbrechtingen
35423;Lich
50374;Erftstadt
75177;Katharinenthalerhof
59759;Arnsberg
45478;Mülheim an der Ruhr
55546;Volxheim
67067;Ludwigshafen
70376;Stuttgart
66996;Erfweiler
54675;Niederraden
56294;Gappenach
67688;Rodenbach
76597;Loffenau
53578;Windhagen
73453;Schleifhäusle
35466;Rabenau
55597;Wöllstein
40470;Düsseldorf
89150;Laichingen
36154;Hosenfeld
63549;Ronneburg
64405;Fischbachtal
56472;Hof
57632;Seelbach
89614;Öpfingen
54612;Wawern
54459;Wiltingen
56865;Schauren
71717;Beilstein
56820;Nehren
56581;Melsbach
36272;Niederaula
56761;Brachtendorf
55481;Nieder Kostenz
76848;Darstein
51147;Köln
67592;Flörsheim-Dalsheim
56290;Dommershausen
53913;Swisttal
63517;Rodenbach
76571;Gaggenau
44801;Bochum
61449;Steinbach (Taunus)
42659;Solingen
77656;Offenburg
56767;Uersfeld
33442;Herzebrock-Clarholz
89518;Heidenheim
56459;Langenhahn
53520;Insul
69434;Heddesbach
74653;Künzelsau
34549;Edertal
88284;Wolpertswende
51143;Köln
54441;Ayl
74934;Reichartshausen
53506;Ahrbrück
73553;Haselbach-Söldhaus
67317;Altleiningen
54538;Kinderbeuern
61194;Niddatal
70734;Fellbach
70174;Stuttgart
89616;Rottenacker
56337;Arzbach
78658;Zimmern
54636;Biersdorf am See
70199;Stuttgart
66914;Waldmohr
56348;Weisel
65843;Sulzbach (Taunus)
65719;Hofheim am Taunus, Kreisstadt
36093;Künzell
60437;Frankfurt am Main
51709;Marienheide
67591;Wachenheim
56244;Krümmel
34593;Knüllwald
67808;Ruppertsecken
78652;Wildenstein
56858;Haserich
40545;Düsseldorf
42119;Wuppertal
56814;Beilstein
79215;Biederbach
73453;Zanken
78589;Dürbheim
72644;Oberboihingen
34385;Bad Karlshafen
53809;Ruppichteroth
67816;Standenbühl
63322;Rödermark
60528;Frankfurt am Main
54570;Betteldorf
74731;Storchhof
33039;Nieheim
56283;Halsenbach
88430;Emishalden
66909;Henschtal
67273;Herxheim am Berg
76887;Böllenborn
55487;Niedersohren
53520;Winnerath
67823;Unkenbach
67808;Bayerfeld-Steckweiler
56368;Niedertiefenbach
56767;Gunderath
74831;Gundelsheim
51427;Bergisch Gladbach
33334;Gütersloh
45770;Marl
74677;Dörzbach
65329;Hohenstein
73113;Oberer Etzberg
78269;Volkertshausen
56858;Mittelstrimmig
56459;Weltersburg
72649;Wolfschlugen
73770;Denkendorf
64665;Alsbach-Hähnlein
51674;Wiehl
36251;Ludwigsau
54413;Rascheid
47839;Krefeld
56112;Lahnstein
79102;Freiburg
79312;Landeck
55483;Bärenbach
55442;Warmsroth
57581;Katzwinkel
55608;Griebelschied
74223;Flein
55286;Wörrstadt
63543;Neuberg
79843;Löffingen
69509;Mörlenbach
71397;Leutenbach
67693;Fischbach
57589;Pracht
77793;Gutach
36119;Neuhof
56865;Moritzheim
61203;Reichelsheim (Wetterau)
67808;Ransweiler
54533;Niederscheidweiler
66636;Tholey
55606;Meckenbach
65205;Wiesbaden
54552;Steineberg
66869;Blaubach
61440;Oberursel (Taunus)
67742;Lauterecken
53129;Bonn
47051;Duisburg
59872;Meschede
48431;Rheine
54657;Badem
77654;Offenburg
69245;Bammental
56357;Niederwallmenach
35719;Angelburg
55437;Ober-Hilbersheim
35792;Löhnberg
55469;Rayerschied
56829;Brieden
54424;Lückenburg
35088;Battenberg (Eder)
00001;Schleswig-Holstein
57520;Derschen
46236;Bottrop
72666;Neckartailfingen
67466;Lambrecht (Pfalz)
54426;Heidenburg
78239;Rielasingen-Worblingen
55469;Mutterschied
67822;Waldgrehweiler
55595;Sponheim
56821;Ellenz-Poltersdorf
56249;Herschbach
78592;Egesheim
65620;Waldbrunn (Westerwald)
54298;Gilzem
77716;Hofstetten
00012;Brandenburg
33615;Bielefeld
72510;Stetten
36277;Schenklengsfeld
57520;Dickendorf
56766;Berenbach
73574;Iggingen
00002;Hamburg
57632;Kescheid
76726;Germersheim
72299;Wörnersberg
73635;Obersteinenberg
66885;Altenglan
67816;Dreisen
79274;St. Märgen
74585;Rot am See
74423;Obersontheim
55444;Waldlaubersheim
55435;Gau-Algesheim
37249;Neu-Eichenberg
58454;Witten
32257;Bünde
54552;Hörschhausen
40883;Ratingen
66919;Hermersberg
54649;Lambertsberg
51467;Bergisch Gladbach
65391;Lorch
57520;Kausen
67823;Obermoschel
53819;Neunkirchen-Seelscheid
55444;Eckenroth
53426;Schalkenbach
67316;Carlsberg
72141;Walddorfhäslach
79369;Wyhl
55288;Armsheim
73655;Eulenhof
72411;Bodelshausen
54429;Mandern
36037;Fulda
67590;Monsheim
45131;Essen
33181;Bad Wünnenberg
41189;Mönchengladbach
73486;Adelmannsfelden
67822;Münsterappel
66538;Neunkirchen
66955;Pirmasens
56237;Oberhaid
55758;Oberwörresbach
55576;Zotzenheim
56332;Oberfell
71083;Herrenberg
54655;Malbergweich
79364;Malterdingen
79774;Albbruck
55271;Stadecken-Elsheim
89129;Öllingen
76857;Waldhambach
67745;Grumbach
61137;Schöneck
88422;Bad Buchau
56472;Fehl-Ritzhausen
56203;Höhr-Grenzhausen
54673;Uppershausen
58456;Witten
57612;Idelberg
72537;Mehrstetten
35236;Breidenbach
56412;Heiligenroth
56357;Weyer
89180;Berghülen
79114;Freiburg
73453;Fuchshäusle
56291;Bickenbach
54518;Dreis
53520;Müllenbach
67294;Mauchenheim
73441;Hohenlohe
71691;Freiberg
65558;Gückingen
55758;Mörschied
76889;Gleiszellen-Gleishorb.
55597;Gumbsheim
63452;Hanau
79241;Ihringen
53518;Honerath
79295;Sulzburg
56307;Dernbach
79261;Gutach
60547;Mörfelden-Walldorf
77749;Hohberg
73447;Oberkochen
55626;Bundenbach
79100;Freiburg
34314;Espenau
57080;Siegen
54426;Dhronecken
74592;Kirchberg
78112;St. Georgen
79331;Teningen
88373;Fleischwangen
88099;Neukirch
78567;Fridingen
46419;Isselburg
33397;Rietberg
54317;Osburg
56332;Alken
46244;Bottrop
66978;Donsieders
33335;Gütersloh
65193;Wiesbaden
74206;Bad Wimpfen
71364;Birkachhof
55608;Bergen
56754;Brohl
24955;Harrislee
67294;Rittersheim
54689;Reipeldingen
56459;Guckheim
50931;Köln
76857;Rinnthal
40885;Ratingen
67823;Lettweiler
65558;Holzheim
54597;Habscheid
34637;Schrecksbach
54619;Leidenborn
72401;Haigerloch
88422;Alleshausen
63695;Glauburg
55758;Mittelreidenbach
57612;Eichelhardt
56745;Hausten
79540;Lörrach
74629;Pfedelbach
60326;Frankfurt am Main
40221;Düsseldorf
88400;Bahnstock
55595;Winterburg
55481;Lindenschied
55263;Wackernheim
67583;Guntersblum
88069;Tettnang
72178;Waldachtal
65468;Trebur
33142;Büren
57612;Kettenhausen
34298;Helsa
66917;Biedershausen
34327;Körle
56593;Bürdenbach
72186;Weiherhof
56865;Blankenrath
56850;Raversbeuren
34396;Liebenau
58762;Altena
41564;Kaarst
37299;Weißenborn
60549;Frankfurt am Main
89281;Altenstadt
54649;Lauperath
47119;Duisburg
76889;Oberschlettenbach
56593;Pleckhausen
44809;Bochum
76872;Steinweiler
56295;Rüber
71292;Friolzheim
68723;Schwetzingen
66484;Walshausen
33611;Bielefeld
69181;Leimen
64354;Reinheim
33649;Bielefeld
56729;Nitz
71546;Aspach
55758;Oberhosenbach
74189;Weinsberg
56291;Wiebelsheim
67734;Katzweiler
55585;Oberhausen an der Nahe
72513;Hettingen
78337;Öhningen
50672;Köln
72124;Pliezhausen
89186;Illerrieden
72475;Bitz
35444;Biebertal
78603;Renquishausen
67598;Gundersheim
46399;Bocholt
54579;Üxheim
66879;Kollweiler
53507;Dernau
78576;Emmingen-Liptingen
88487;Mietingen
71706;Markgröningen
56357;Hainau
76756;Bellheim
54675;Lahr
53520;Ohlenhard
66957;Ruppertsweiler
56651;Niederzissen
76694;Forst
33161;Paderborn
66871;Selchenbach
71560;Unterfischbach
40789;Monheim am Rhein
56479;Westernohe
73563;Mögglingen
71394;Kernen
55758;Langweiler
32278;Kirchlengern
54528;Salmtal
54518;Gladbach
73453;Schlauchhof
70499;Stuttgart
35116;Hatzfeld (Eder)
55767;Niederhambach
53520;Meuspath
79189;Bad Krozingen
67294;Oberwiesen
54429;Heddert
73655;Bärenbach
73266;Engelhof
55262;Heidesheim am Rhein
54597;Balesfeld
71263;Weil der Stadt
56368;Berghausen
67821;Oberndorf
58089;Hagen
47608;Geldern
89608;Griesingen
53520;Rodder
48351;Everswinkel
68789;St. Leon-Rot
64658;Fürth
54673;Emmelbaum
56459;Ailertchen
67069;Ludwigshafen
45739;Oer-Erkenschwick
88471;Laupheim
74392;Freudental
79312;Emmendingen
74632;Orbachshof
55599;Stein-Bockenheim
53937;Schleiden
65551;Limburg a. d. Lahn
53567;Buchholz (Westerwald)
66989;Höhfröschen
54689;Irrhausen
55777;Berschweiler b.Baumh.
56242;Ellenhausen
35091;Cölbe
67159;Friedelsheim
35460;Staufenberg
56829;Pommern
54636;Oberweiler
53505;Berg
82467;Garmisch
67308;Bubenheim
74933;Neidenstein
56291;Steinbach
76227;Karlsruhe
63933;Mönchberg
64754;Badisch Schöllenbach
44357;Dortmund
79286;Glottertal
01662;Meißen
88690;Uhldingen-Mühlhofen
76879;Bornheim
56237;Breitenau
67483;Großfischlingen
73105;Dürnau
53562;St.Katharinen
69234;Dielheim
74912;Kirchardt
33161;Hövelhof
67749;Nerzweiler
97941;Tauberbischofsheim
64732;Bad König
45529;Hattingen
41836;Hückelhoven
67482;Venningen
78052;Villingen-Schwenningen
69214;Eppelheim
65582;Diez
74211;Leingarten
51065;Köln
55767;Achtelsbach
54421;Hinzert-Pölert
66909;Nanzdietschweiler
64521;Groß-Gerau
79211;Denzlingen
89537;Giengen
54486;Mülheim an der Mosel
55270;Zornheim
51789;Lindlar
45127;Essen
89597;Hausen
73569;Buchhof
42329;Wuppertal
76187;Karlsruhe
42719;Solingen
76889;Pleisweiler-Oberhofen
54533;Laufeld
74842;Billigheim
76359;Fischweier
77787;Nordrach
67577;Alsheim
69434;Brombach
53533;Dorsel
67251;Freinsheim
68307;Mannheim
88410;Bad Wurzach
88457;Kirchdorf
56271;Roßbach
73329;Kuchen
56244;Steinen
73730;Esslingen
56729;Kirchwald
77652;Offenburg
88605;Meßkirch
71336;Waiblingen
70192;Stuttgart
66887;Bosenbach
48301;Nottuln
66887;Glanbrücken
54597;Lierfeld
72766;Reutlingen
54634;Oberstedem
54308;Langsur
66484;Kleinsteinhausen
45307;Essen
44147;Dortmund
53560;Vettelschoß
54570;Kalenborn-Scheuern
38112;Braunschweig
70190;Stuttgart
34596;Bad Zwesten
55777;Fohren-Linden
56379;Oberwies
79249;Merzhausen
67808;Stahlberg
74589;Satteldorf
66589;Merchweiler
88046;Friedrichshafen
55627;Weiler bei Monzingen
54636;Scharfbillig
76877;Offenbach a.d.Queich
71272;Grundhof
51570;Windeck
67823;Schiersfeld
44143;Dortmund
88634;Herdwangen-Schönach
67294;Orbis
67744;Homberg
56244;Sessenhausen
73434;Aalen
56244;Rückeroth
72501;Pistre
;Aschaffenburg
33613;Bielefeld
55234;Erbes-Büdesheim
;Vianden
66564;Ottweiler
56130;Bad Ems
56814;Bremm
56843;Starkenburg
54314;Greimerath
55496;Argenthal
54340;Köwerich
74254;Offenau
35104;Lichtenfels
44575;Castrop-Rauxel
54608;Winterscheid
78583;Böttingen
54426;Schönberg
77866;Rheinau
33129;Delbrück
61352;Bad Homburg v. d. Höhe
88416;Ochsenhausen
50825;Köln
67753;Hefersweiler
89584;Ehingen
35686;Dillenburg
55767;Sonnenberg-Winnenberg
33100;Paderborn
68794;Oberhausen-Rheinhausen
78647;Trossingen
26160;Bad Zwischenahn
55459;Aspisheim
56651;Niederdürenbach
57629;Luckenbach
56357;Dessighofen
35756;Mittenaar
67748;Odenbach
73207;Plochingen
00003;Niedersachsen
54673;Koxhausen
69117;Heidelberg
44653;Herne
54636;Mülbach
45888;Gelsenkirchen
42657;Solingen
56850;Enkirch
75196;Remchingen
35108;Allendorf (Eder)
67366;Weingarten (Pfalz)
56767;Ueß
54439;Palzem
69518;Abtsteinach
56333;Winningen
56727;Mayen
55599;Siefersheim
69427;Mudau
56630;Kretz
37213;Witzenhausen
88260;Argenbühl
55469;Niederkumbd
54570;Neroth
77855;Achern
67829;Callbach
54578;Basberg
74523;Bühlerzimmern
49509;Recke
56414;Berod bei Wallmerod
52080;Aachen
55469;Oppertshausen
72663;Großbettlingen
76744;Vollmersweiler
52372;Kreuzau
79426;Buggingen
56651;Oberdürenbach
50678;Köln
56244;Vielbach
56357;Kasdorf
73349;Todsburg
76327;Pfinztal
97956;Werbach
55471;Reich
55585;Altenbamberg
66919;Saalstadt
55442;Daxweiler
41569;Rommerskirchen
67808;Steinbach am Donnersb.
67129;Maxdorf
57629;Norken
78050;Villingen-Schwenningen
54316;Franzenheim
74747;Ravenstein
56859;Alf
79592;Fischingen
47809;Krefeld
75015;Bretten
57520;Grünebach
32839;Steinheim
55758;Schmidthachenbach
63456;Hanau
89129;Langenau
55483;Horbruch
79694;Utzenfeld
88709;Hagnau
76709;Kronau
53520;Drees
34454;Bad Arolsen
78600;Kolbingen
76703;Kraichtal
88361;Altshausen
76872;Hergersweiler
67308;Einselthum
74249;Jagsthausen
76831;Birkweiler
55758;Vollmersbach
73110;Hattenhofen
67677;Enkenbach-Alsenborn
74259;Widdern
66687;Wadern
55499;Riesweiler
72379;Burg Hohenzollern
71111;Obere Rauhmühle
79289;Horben
54655;Steinborn
65627;Elbtal
55606;Limbach
75059;Zaisenhausen
50969;Köln
99084;Erfurt
55299;Nackenheim
66909;Quirnbach/Pfalz
58802;Balve
34519;Diemelsee
89547;Gerstetten
66957;Trulben
56766;Auderath
42555;Velbert
55585;Hochstätten
72660;Beuren
00015;Sachsen-Anhalt
73575;Leinzell
54290;Trier
67361;Freisbach
77694;Kehl
48607;Ochtrup
73277;Owen
79639;Grenzach-Wyhlen
67806;Katzenbach
69502;Hemsbach
56244;Ettinghausen
55758;Hellertshausen
76887;Oberhausen
67727;Lohnsfeld
71134;Aidlingen
67376;Harthausen
54597;Fleringen
57520;Schutzbach
70372;Stuttgart
74906;Bad Rappenau
53506;Heckenbach
54439;Fisch
75446;Wiernsheim
75050;Gemmingen
54636;Idenheim
54595;Pittenbach
56412;Nomborn
58566;Kierspe
72488;Sigmaringen
54636;Bickendorf
79877;Friedenweiler
76199;Karlsruhe
53925;Kall
42929;Wermelskirchen
54649;Manderscheid
78078;Niedereschach
53501;Gelsdorf
35039;Marburg
64342;Seeheim-Jugenheim
56329;Sankt Goar
67229;Großkarlbach
97922;Lauda-Königshofen
54597;Duppach
54533;Gipperath
40212;Düsseldorf
71732;Silberhälden
55595;Boos
78559;Gosheim
59846;Sundern
52399;Merzenich
54424;Etgert
79588;Efringen-Kirchen
56276;Stebach
72116;Mössingen
54636;Echtershausen
73479;Adlersteige
54617;Sevenig (Our)
78147;Vöhrenbach
54426;Büdlich
89176;Asselfingen
56244;Wölferlingen
67167;Erpolzheim
56237;Deesen
NN;Gemeidefreies Gebiet Michelbuch
56237;Alsbach
70839;Gerlingen
32339;Espelkamp
71111;Untere Rauhmühle
23730;Neustadt
57614;Woldert
37293;Herleshausen
89567;Sontheim
33189;Schlangen
45549;Sprockhövel
79682;Todtmoos
74360;Pfahlhof
52525;Heinsberg
67278;Bockenheim a.d.Weinstr
52445;Titz
54636;Schleid
54441;Kanzem
73079;Baierhof
67308;Albisheim (Pfrimm)
78176;Blumberg
79650;Schopfheim
76470;Ötigheim
65555;Limburg a. d. Lahn
55128;Mainz
65366;Geisenheim
56072;Koblenz
45964;Gladbeck
72813;Oberer Lindenhof
66773;Schwalbach
64846;Groß-Zimmern
79292;Pfaffenweiler
56410;Montabaur
56579;Hardert
35638;Leun
56357;Strüth
78194;Immendingen
52134;Herzogenrath
89522;Neu Asbach
76547;Sinzheim
65597;Hünfelden
59329;Wadersloh
50968;Köln
36364;Bad Salzschlirf
67146;Deidesheim
56414;Oberahr
46348;Raesfeld
55130;Mainz
74232;Abstatt
47137;Duisburg
56368;Katzenelnbogen
76889;Niederotterbach
45147;Essen
59399;Olfen
57368;Lennestadt
55546;Biebelsheim
56414;Niederahr
67169;Kallstadt
53721;Siegburg
72458;Linderhof
73249;Erlenhof
55758;Mackenrodt
57584;Scheuerfeld
71696;Möglingen
00009;Bayern
88299;Leutkirch
65344;Eltville am Rhein
56290;Lieg
73453;Mühlholz
78733;Breitreute
40227;Düsseldorf
55758;Bärenbach
56470;Bad Marienberg
72275;Alpirsbach
63486;Bruchköbel
79379;Müllheim
50226;Frechen
55234;Flomborn
56291;Pfalzfeld
56761;Hauroth
55758;Bruchweiler
67824;Feilbingert
72145;Hirrlingen
72514;Inzigkofen
63071;Offenbach am Main
45277;Essen
65439;Flörsheim am Main
55599;Wonsheim
72364;Obernheim
67295;Bolanden
74246;Eberstadt
48629;Metelen
89561;Dischingen
67259;Heuchelheim b. Frank.
73569;Obergröningen
40667;Meerbusch
88079;Reichen
36391;Sinntal
73107;Lotenberg
57587;Birken-Honigsessen
34302;Guxhagen
51465;Bergisch Gladbach
78662;Bösingen
57632;Rott
54518;Minderlittgen
35516;Münzenberg
67273;Dackenheim
63263;Neu-Isenburg
56357;Holzhausen a.d.Haide
90403;Nürnberg
55413;Manubach
60433;Frankfurt am Main
36167;Nüsttal
71106;Magstadt
35457;Lollar
55487;Dill
54518;Minheim
52249;Eschweiler
54595;Gondenbrett
67744;Lohnweiler
54675;Geichlingen
56370;Rettert
88367;Hohentengen
57636;Sörth
42551;Velbert
89564;Nattheim
34326;Morschen
56377;Seelbach
76872;Winden
34613;Schwalmstadt
54518;Osann-Monzel
55595;Bockenau
77833;Ottersweier
79677;Schönau
74638;Waldenburg
67273;Bobenheim am Berg
42285;Wuppertal
54649;Eilscheid
47624;Kevelaer
56581;Kurtscheid
56288;Hollnich
33165;Lichtenau
40670;Meerbusch
56589;Niederbreitbach
65623;Netzbach
67363;Lustadt
97944;Boxberg
70469;Stuttgart
77709;Oberwolfach
72293;Glatten
56729;Münk
54298;Orenhofen
73340;Amstetten
50933;Köln
72144;Dußlingen
74599;Wallhausen
65388;Schlangenbad
35794;Mengerskirchen, Marktflecken
60435;Frankfurt am Main
89168;Niederstotzingen
76287;Rheinstetten
73732;Esslingen
55777;Mettweiler
42109;Wuppertal
79664;Wehr
74579;Ratzensägmühle
36325;Feldatal
56753;Mertloch
55278;Dexheim
54675;Wallendorf
69439;Zwingenberg
97877;Wertheim
36100;Petersberg
69257;Wiesenbach
55481;Reckershausen
52072;Aachen
35232;Dautphetal
57627;Hachenburg
76461;Muggensturm
54647;Pickließem
71032;Böblingen
69429;Unterdielbach
79809;Weilheim
56355;Kehlbach
63150;Heusenstamm
56288;Zilshausen
67742;Deimberg
54340;Ensch
88484;Gutenzell-Hürbel
64754;Hesseneck
72379;Hechingen
74363;Güglingen
55758;Hettenrodt
51545;Waldbröl
70567;Stuttgart
53547;Hümmerich
54492;Lösnich
79771;Klettgau
53545;Linz am Rhein
35745;Herborn
47626;Kevelaer
55481;Maitzborn
76467;Bietigheim
88489;Wain
66892;Bruchmühlbach-Miesau
73252;Lenningen
48361;Beelen
73344;Gruibingen
73079;Süßen
32549;Bad Oeynhausen
71672;Marbach
54574;Birresborn
72119;Ammerbuch
54531;Meerfeld
89555;Steinheim
55234;Wahlheim
66482;Zweibrücken
57577;Seelbach
54538;Bengel
72181;Starzach
79677;Wembach
76829;Leinsweiler
57629;Streithausen
67655;Kaiserslautern
78253;Eigeltingen
71093;Weil im Schönbuch
56459;Winnen
79415;Bad Bellingen
72639;Neuffen
78141;Schönwald
68276;Mannheim
56281;Emmelshausen
46147;Oberhausen
66887;Rammelsbach
55595;Spall
67746;Unterjeckenbach
46446;Emmerich am Rhein
55469;Schönborn
67591;Mölsheim
56729;Anschau
32479;Hille
66978;Clausen
75385;Bad Teinach-Zavelstein
55126;Mainz
73275;Ohmden
55767;Meckenbach
55481;Womrath
47239;Duisburg
55444;Seibersbach
56862;Pünderich
56593;Niedersteinebach
67259;Beindersheim
55606;Hahnenbach
73494;Rosenberg
73101;Aichelberg
59602;Rüthen
77791;Berghaupten
79872;Bernau
88281;Schlier
68309;Mannheim
76549;Hügelsheim
63065;Offenbach am Main
55606;Bärweiler
67822;Gaugrehweiler
72250;Freudenstadt
55559;Bretzenheim
88048;Friedrichshafen
71157;Hildrizhausen
57567;Daaden
77971;Kippenheim
56865;Panzweiler
36269;Philippsthal (Werra)
56753;Pillig
88697;Bermatingen
76770;Hatzenbühl
61267;Neu-Anspach
55234;Nieder-Wiesen
63538;Großkrotzenburg
55491;Wahlenau
75331;Engelsbrand
70599;Stuttgart
79424;Auggen
;Bertrange
60489;Frankfurt am Main
74564;Auhof
59394;Nordkirchen
47058;Duisburg
55494;Liebshausen
54608;Buchet
54472;Monzelfeld
54619;Roscheid
54316;Holzerath
66871;Haschbach a. Remigiusb.
35579;Wetzlar
56294;Kalt
72369;Zimmern
64283;Darmstadt, Wissenschaftsstadt
55606;Bruschied
67716;Heltersberg
56575;Weißenthurm
66894;Lambsborn
57413;Finnentrop
88289;Waldburg
59269;Beckum
54456;Tawern
54552;Gefell
32130;Enger, Widukindstadt
54340;Pölich
33098;Paderborn
57562;Herdorf
53533;Fuchshofen
55413;Oberheimbach
54524;Klausen
89611;Brühlhof
56254;Müden (Mosel)
56368;Klingelbach
54668;Prümzurlay
66763;Dillingen
72654;Neckartenzlingen
45139;Essen
55487;Laufersweiler
66693;Mettlach
34305;Niedenstein
36129;Gersfeld (Rhön)
54570;Deudesfeld
73269;Hochdorf
66953;Pirmasens
65934;Frankfurt am Main
50677;Köln
56357;Welterod
55595;Hüffelsheim
75181;Pforzheim
73571;Göggingen
66916;Dunzweiler
56459;Elbingen
77966;Kappel-Grafenhausen
73577;Ruppertshofen
52388;Nörvenich
66879;Niederstaufenbach
68804;Altlußheim
56859;Bullay
74579;Fichtenau
76456;Kuppenheim
48720;Rosendahl
74360;Ilsfeld
57518;Alsdorf
74597;Riegersheim
54331;Oberbillig
54646;Olsdorf
69207;Sandhausen
56291;Badenhard
56355;Nastätten
67433;Neustadt a.d.W.
76889;Oberotterbach
55471;Tiefenbach
64367;Mühltal
65346;Eltville am Rhein
32351;Stemwede
56858;Sosberg
76891;Bundenthal
55743;Kirschweiler
56412;Großholbach
97957;Bowiesen
55442;Roth
67319;Wattenheim
70569;Stuttgart
79104;Freiburg
55583;Bad Münster
73116;Krettenhof
75177;Pforzheim
56244;Ewighausen
57632;Orfgen
73113;Ottenbach
78554;Aldingen
48159;Münster
51580;Reichshof
71679;Asperg
79359;Riegel
74081;Heilbronn
65604;Elz
57629;Heimborn
66887;Föckelberg
57639;Oberdreis
68229;Mannheim
47918;Tönisvorst
59368;Werne
55469;Budenbach
55606;Heimweiler
56341;Kamp-Bornhofen
54533;Oberkail
88637;Buchheim
74523;Traubenmühle
55568;Abtweiler
35584;Wetzlar
53844;Troisdorf
51515;Kürten
55234;Monzernheim
55263;Ingelheim
37290;Meißner
54516;Flußbach
52224;Stolberg
54597;Plütscheid
35767;Breitscheid
64319;Pfungstadt
56332;Niederfell
72667;Schlaitdorf
45889;Gelsenkirchen
67808;Würzweiler
63928;Spritzenmühle
56479;Liebenscheid
78598;Königsheim
54538;Diefenbach
33617;Bielefeld
77736;Zell
61462;Königstein im Taunus
74850;Schefflenz
44795;Bochum
41516;Grevenbroich
89174;Altheim
74869;Schwarzach
73235;Kaltenwanghof
57339;Erndtebrück
56412;Hübingen
73527;Täferrot
88379;Guggenhausen
42489;Wülfrath
54675;Ammeldingen an der Our
32120;Hiddenhausen
57612;Hilgenroth
79589;Binzen
45768;Marl
89611;Obermarchtal
30974;Wennigsen
70619;Stuttgart
57548;Kirchen
35390;Gießen, Universitätsstadt
56271;Isenburg
56826;Lutzerath
57629;Wied
36179;Bebra
67059;Ludwigshafen
88718;Daisendorf
71563;Affalterbach
35582;Wetzlar
75433;Maulbronn
71570;Oppenweiler
74586;Frankenhardt
72218;Wildberg
69429;Waldbrunn
74248;Ellhofen
48703;Stadtlohn
67822;Winterborn
77784;Oberharmersbach
36205;Sontra
35396;Gießen
88451;Dettingen
75173;Pforzheim
51107;Köln
61239;Ober-Mörlen
44534;Lünen
55776;Rohrbach
66450;Bexbach
35519;Rockenberg
33332;Gütersloh
53119;Bonn
76829;Ranschbach
44797;Bochum
64572;Büttelborn
56379;Laurenburg
67759;Nußbach
53557;Bad Hönningen
54673;Herbstmühle
74746;Höpfingen
41748;Viersen
88430;Rot
57586;Weitefeld
56589;Datzeroth
35753;Greifenstein
56281;Dörth
56653;Wassenach
35447;Reiskirchen
57635;Werkhausen
54533;Gransdorf
66989;Petersberg
33790;Halle
55566;Meddersheim
54655;Malberg
89177;Ballendorf
67829;Schmittweiler
66629;Freisen
66887;Ulmet
89165;Oberführbuch
58708;Menden
46240;Bottrop
66903;Dittweiler
56412;Holler
73566;Irmannsweiler
74369;Löchgau
56244;Ötzingen
89173;Lonsee
97990;Standorf
89520;Heidenheim
76833;Böchingen
;Gotha
54456;Onsdorf
54646;Hisel
58809;Neuenrade
56761;Zettingen
35606;Solms
35580;Wetzlar
65558;Burgschwalbach
76534;Baden-Baden
54331;Pellingen
53619;Rheinbreitbach
67227;Frankenthal
56753;Welling
35327;Ulrichstein
76891;Nothweiler
57612;Kroppach
54597;Hersdorf
36157;Ebersburg
56379;Sulzbach
78567;Scheuerlehof
55595;Roxheim
69254;Malsch
36286;Neuenstein
45661;Recklinghausen
47802;Krefeld
70736;Fellbach
33729;Bielefeld
67311;Tiefenthal
71706;Hardthof
64560;Riedstadt
54668;Echternacherbrück
74379;Ingersheim
54570;Pelm
74523;Scherbenmühle
40878;Ratingen
56826;Wollmerath
77746;Schutterwald
00143;Luxemburg
45701;Herten
72477;Schwenningen
67473;Lindenberg
72555;Metzingen
76889;Niederhorbach
57520;Steinebach
55595;Braunweiler
88437;Maselheim
35463;Fernwald
42283;Wuppertal
54666;Irrel
67454;Haßloch
56761;Masburg
34471;Volkmarsen
88693;Deggenhausertal
89129;Nerenstetten
79677;Aitern
67133;Maxdorf
67117;Limburgerhof
88512;Mengen
78345;Moos
54518;Arenrath
56729;Acht
56412;Nentershausen
88400;Birkhof
77776;Bad Rippoldsau-Schapbach
72525;Münsingen
58579;Schalksmühle
67308;Lautersheim
72290;Loßburg
75172;Pforzheim
65606;Villmar, Marktflecken
57629;Lochum
44629;Herne
67585;Dorn-Dürkheim
71560;Bernhalden
55252;Mainz-Kastel
54492;Zeltingen-Rachtig
89551;Königsbronn
77880;Sasbach
78479;Reichenau
49536;Lienen
45133;Essen
35110;Frankenau
33619;Bielefeld
63546;Hammersbach
56761;Gamlen
77815;Bühl
55777;Eckersweiler
58135;Hagen
73547;Beutenmühle
54608;Mützenich
54619;Sengerich
56335;Neuhäusel
72186;Empfingen
65618;Selters (Taunus)
54587;Lissendorf
56295;Kerben
65428;Rüsselsheim
76332;Plotzsägemühle
54552;Katzwinkel
65626;Birlenbach
67817;Imsbach
56355;Endlichhofen
41470;Neuss
47589;Uedem
67294;Bischheim
56132;Miellen
76356;Werrabronn
70565;Stuttgart
36043;Fulda
61250;Usingen
78247;Hilzingen
54578;Oberehe-Stroheich
45326;Essen
55606;Otzweiler
67700;Niederkirchen
54636;Meckel
54552;Kradenbach
73572;Heuchlingen
56370;Mittelfischbach
33449;Langenberg
42275;Wuppertal
57612;Busenhausen
56346;Sankt Goarshausen
54338;Schweich
67685;Eulenbis
56283;Gondershausen
52385;Nideggen
54533;Oberscheidweiler
66999;Hinterweidenthal
78244;Gottmadingen
73655;Haldenhof
34117;Kassel, documenta-Stadt
45309;Essen
49549;Ladbergen
54608;Großlangenfeld
58095;Hagen
55608;Becherbach bei Kirn
56368;Herold
59469;Ense
63179;Obertshausen
67737;Frankelbach
56337;Kadenbach
55627;Martinstein
54689;Kickeshausen
71287;Weissach
88444;Ummendorf
54673;Keppeshausen
55122;Mainz
56346;Prath
35684;Dillenburg
57580;Fensdorf
56288;Roth
55595;Allenfeld
72393;Burladingen
42107;Wuppertal
00129;Frankreich
54570;Schutz
55592;Breitenheim
32457;Porta Westfalica
66996;Schönau (Pfalz)
36199;Rotenburg a. d. Fulda
58453;Witten
53518;Wimbach
63691;Ranstadt
57290;Neunkirchen
56244;Leuterod
56736;Kottenheim
79618;Rheinfelden
74080;Heilbronn
67586;Hillesheim
66996;Fischbach bei Dahn
67065;Ludwigshafen
45772;Marl
67728;Münchweiler a.d. Alsenz
53520;Nürburg
54558;Mückeln
56751;Einig
88045;Friedrichshafen
75337;Enzklösterle
56291;Kisselbach
53797;Lohmar
47057;Duisburg
34320;Söhrewald
48329;Havixbeck
55444;Dörrebach
34323;Malsfeld
97980;Mönchshof
56290;Macken
76889;Kapsweyer
89079;Ulm
59755;Arnsberg
54614;Heisdorf
54518;Kesten
67435;Neustadt a.d.W.
56457;Halbs
55471;Keidelheim
73431;Aalen
55296;Lörzweiler
79862;Höchenschwand
73345;Drackenstein
73773;Aichwald
53539;Bodenbach
54689;Dasburg
73560;Böbingen
54441;Trassem
78606;Seitingen-Oberflacht
53534;Pomster
73779;Deizisau
34289;Zierenberg
54597;Schwirzheim
55767;Rinzenberg
74252;Massenbachhausen
73529;Pfeilhalde
66862;Kindsbach
54534;Karl
56367;Himmighofen
56766;Filz
55595;Weinsheim
56070;Koblenz
56588;Waldbreitbach
33104;Paderborn
45886;Gelsenkirchen
55459;Grolsheim
57635;Fiersbach
68799;Reilingen
70329;Stuttgart
44793;Bochum
54531;Pantenburg
79294;Sölden
67283;Obrigheim (Pfalz)
73491;Neuler
71149;Bondorf
72362;Nusplingen
59969;Hallenberg
57614;Stürzelbach
55413;Trechtingshausen
56479;Rehe
79692;Kleines Wiesental
78089;Unterkirnach
89607;Emerkingen
58332;Schwelm
35630;Ehringshausen
45896;Gelsenkirchen
67742;Ginsweiler
76768;Berg (Pfalz)
53111;Bonn
54314;Baldringen
35325;Mücke
46049;Oberhausen
56477;Nister-Möhrendorf
36088;Hünfeld, Konrad-Zuse-Stadt
54578;Nohn
56357;Rettershain
40229;Düsseldorf
48429;Rheine
88696;Owingen
56812;Valwig
56745;Weibern
40721;Düsseldorf
57647;Enspel
56856;Zell (Mosel)
88453;Erolzheim
68159;Mannheim
75031;Gießhübelmühle
56422;Wirges
63571;Gelnhausen, Barbarossast., Kreisstadt
54338;Longen
52393;Hürtgenwald
54634;Bitburg
54422;Börfink
57482;Wenden
55758;Wickenrodt
54662;Beilingen
76857;Ramberg
74626;Bretzfeld
52349;Düren
73547;Lorch
35119;Rosenthal
33775;Versmold
55606;Heinzenberg
55481;Kludenbach
44869;Bochum
75053;Gondelsheim
88319;Aitrach
54318;Mertesdorf
72622;Nürtingen
71726;Benningen
54597;Pronsfeld
54483;Kleinich
56283;Morshausen
74564;Crailsheim
45879;Gelsenkirchen
32052;Herford
54636;Wißmannsdorf
88459;Wiesbauer
55490;Mengerschied
58642;Iserlohn
54608;Bleialf
55270;Jugenheim in Rheinh.
54340;Schleich
56355;Hunzel
55437;Appenheim
55116;Mainz
56269;Marienhausen
60310;Frankfurt
57614;Wahlrod
;Kakenstorf
88481;Balzheim
76532;Baden-Baden
47441;Moers
65558;Heistenbach
79733;Görwihl
74736;Hardheim
73072;Kratzerhöfle
67304;Kerzenheim
71566;Althütte
48143;Münster
53520;Trierscheid
57580;Elben
72227;Egenhausen
55568;Lauschied
76779;Scheibenhardt
56564;Neuwied
56594;Willroth
76776;Neuburg am Rhein
89198;Westerstetten
48493;Wettringen
68526;Ladenburg
74523;Schwäbisch Hall
72664;Kohlberg
55743;Hintertiefenbach
67258;Heßheim
67574;Osthofen
56370;Ebertshausen
56659;Burgbrohl
56414;Meudt
56206;Kammerforst
41844;Wegberg
73240;Wendlingen
41540;Dormagen
56206;Hilgert
55765;Oberhambach
74538;Rosengarten
70188;Stuttgart
66887;Erdesbach
65558;Flacht
56472;Hardt
35094;Lahntal
55767;Gollenberg
68766;Hockenheim
57520;Molzhain
46354;Südlohn
79365;Rheinhausen
54673;Rodershausen
56424;Staudt
67126;Hochdorf-Assenheim
54636;Wolsfeld
67149;Meckenheim
55430;Oberwesel
55278;Friesenheim
54472;Gornhausen
55543;Bad Kreuznach
77955;Ettenheim
37217;Witzenhausen
70794;Filderstadt
89134;Blaustein
71732;Tamm
74544;Michelbach an der Bilz
69221;Dossenheim
66126;Saarbrücken
71254;Ditzingen
32361;Preußisch Oldendorf
54497;Horath
40764;Langenfeld
67746;Merzweiler
53919;Weilerswist
54533;Schwarzenborn
67246;Dirmstein
67661;Kaiserslautern
45136;Essen
76344;Eggenstein-Leopoldshafen
55758;Dickesbach
70197;Stuttgart
54523;Dierscheid
66280;Sulzbach
74936;Siegelsbach
46487;Wesel
54636;Sefferweich
79599;Wittlingen
52146;Würselen
41169;Mönchengladbach
56472;Hahn bei Marienberg
67806;Felsbergerhof
46485;Wesel
67686;Mackenbach
74385;Pleidelsheim
41462;Neuss
47559;Kranenburg
33330;Gütersloh
53894;Mechernich
78737;Fluorn-Winzeln
66957;Obersimten
74076;Heilbronn
65195;Wiesbaden
88422;Oggelshausen
73037;Göppingen
77886;Lauf
55490;Rohrbach
54636;Heilenbach
56355;Weidenbach
67685;Schwedelbach
79837;Häusern
61197;Florstadt
66557;Illingen
48155;Münster
56291;Leiningen
54533;Hasborn
40625;Düsseldorf
55743;Idar-Oberstein
73266;Torfgrube
79677;Tunau
55767;Kronweiler
34132;Kassel
54317;Thomm
79350;Sexau
76889;Dörrenbach
47623;Kevelaer
72585;Riederich
66822;Lebach
63619;Bad Orb
44894;Bochum
72280;Dornstetten
55624;Bollenbach
73614;Schorndorf
56584;Meinborn
56412;Ruppach-Goldhausen
55483;Lautzenhausen
72519;Veringenstadt
78661;Dietingen
79117;Freiburg
42279;Wuppertal
55578;Wolfsheim
40589;Düsseldorf
57537;Mittelhof
71297;Mönsheim
67819;Kriegsfeld
67459;Böhl-Iggelheim
35288;Wohratal
76477;Elchesheim-Illingen
72661;Grafenberg
56291;Maisborn
97953;Königheim
55422;Bacharach
67166;Otterstadt
59505;Bad Sassendorf
47053;Duisburg
88271;Wilhelmsdorf
51379;Leverkusen
54675;Gentingen
45891;Gelsenkirchen
74927;Eschelbronn
72250;Zuflucht
64625;Bensheim
56753;Naunheim
68647;Biblis
58509;Lüdenscheid
66916;Breitenbach
59557;Lippstadt
97753;Karlstadt
48308;Senden
63628;Bad Soden-Salmünster
57635;Kraam
76891;Rumbach
54533;Eisenschmitt
32657;Lemgo
54314;Paschel
76149;Karlsruhe
64759;Sensbachtal
54673;Sevenig bei Neuerburg
55430;Perscheid
54597;Steffeln
35625;Hüttenberg
33607;Bielefeld
53125;Bonn
97980;Bad Mergentheim
54657;Gindorf
66484;Battweiler
27639;Wurster
54341;Fell
59929;Brilon
36124;Eichenzell
56357;Pohl
70629;Stuttgart
51377;Leverkusen
65185;Wiesbaden
78739;Hardt
78144;Schramberg
66996;Ludwigswinkel
63073;Offenbach am Main
54531;Wallscheid
26892;Dörpen
54518;Binsfeld
71640;Ludwigsburg
33829;Borgholzhausen
63639;Flörsbachtal
71720;Untere Ölmühle
72135;Dettenhausen
71111;Untere Kleinmichelesmühle
71554;Weissach
67822;Niederhausen a.d.Appel
35649;Bischoffen
55576;Pleitersheim
51503;Rösrath
55767;Gimbweiler
76857;Gossersweiler-Stein
88316;Isny
76773;Kuhardt
60596;Frankfurt am Main
74834;Elztal
66839;Schmelz
47443;Moers
45359;Essen
54570;Hinterweiler
78573;Wurmlingen
42369;Wuppertal
58256;Ennepetal der Kluterthöhle
56754;Roes
67308;Biedesheim
54314;Vierherrenborn
36132;Eiterfeld
45149;Essen
56459;Willmenrod
46397;Bocholt
76857;Albersweiler
56472;Stockhausen-Illfurth
75443;Ötisheim
55494;Benzweiler
54570;Niederstadtfeld
53505;Altenahr
47546;Kalkar
76848;Schwanheim
50996;Köln
55578;Sankt Johann
50765;Köln
65479;Raunheim
47506;Neukirchen-Vluyn
36115;Hilders
69517;Gorxheimertal
57583;Mörlen
45141;Essen
56357;Lollschied
66894;Krähenberg
50997;Köln
67725;Breunigweiler
53520;Dankerath
66780;Rehlingen-Siersburg
40233;Düsseldorf
73102;Birenbach
67705;Stelzenberg
35469;Allendorf (Lumda)
55232;Ensheim
54689;Jucken
56412;Heilberscheid
79761;Waldshut-Tiengen
89177;Börslingen
65558;Eppenrod
64673;Zwingenberg
54655;Zendscheid
66894;Käshofen
56459;Rotenhain
64285;Darmstadt
55546;Fürfeld
76661;Philippsburg
36145;Hofbieber
41539;Dormagen
32107;Bad Salzuflen
40223;Düsseldorf
73577;Schilpenbühl
67308;Rüssingen
54298;Igel
76889;Vorderweidenthal
32791;Lage
71723;Großbottwar
74838;Limbach
57642;Alpenrod
73563;Sixenhof
72534;Hayingen
57635;Oberirsen
56379;Winden
56424;Bannberscheid
79802;Dettighofen
54597;Ormont
55270;Bubenheim
72131;Ofterdingen
59909;Bestwig
55621;Hundsbach
56370;Dörsdorf
66901;Schönenberg-Kübelberg
55767;Wilzenberg-Hußweiler
68163;Mannheim
71729;Rundsmühlhof
88348;Bad Saulgau
21720;Guderhandviertel
45731;Waltrop
54316;Bonerath
73566;Bartholomä
64850;Schaafheim
66887;Rathsweiler
67744;Wiesweiler
78564;Wehingen
57612;Giesenhausen
79787;Lauchringen
23843;Bad Oldesloe
67547;Worms
89081;Ulm
55234;Kettenheim
76707;Hambrücken
78582;Balgheim
78585;Bubsheim
79194;Gundelfingen
60314;Frankfurt am Main
51109;Köln
78112;Schoren
71229;Leonberg
65391;Sauerthal
59514;Welver
73529;Schwäbisch Gmünd
71069;Sindelfingen
72297;Seewald
54422;Neuhütten
88094;Oberteuringen
32469;Petershagen
66871;Herchweiler
56068;Koblenz
79688;Hausen
32816;Schieder-Schwalenberg
76706;Dettenheim
56220;Urmitz
52351;Düren
00013;Mecklenburg-Vorpommern
54608;Brandscheid
54533;Niederöfflingen
72365;Ratshausen
55583;Bad Kreuznach
77799;Ortenberg
52062;Aachen
56244;Niedersayn
88521;Ertingen
88524;Uttenweiler
71154;Nufringen
55779;Leitzweiler
73433;Aalen
54310;Menningen
57319;Bad Berleburg
56132;Nievern
77761;Schiltach
69514;Laudenbach
52428;Jülich
57612;Heupelzen
67814;Dannenfels
99310;Arnstadt
76857;Waldrohrbach
66484;Dietrichingen
40477;Düsseldorf
73107;Haagwiesen
46359;Heiden
70184;Stuttgart
53115;Bonn
54552;Nerdlen
54687;Arzfeld
57638;Obernau
56459;Stahlhofen a.Wiesensee
53179;Bonn
54426;Gräfendhron
73642;Eibenhof
50126;Bergheim
48624;Schöppingen
67152;Ruppertsberg
73499;Wört
54675;Roth an der Our
54673;Nasingen
97999;Igersheim
71364;Steinächle
73262;Reichenbach
54533;Bettenfeld
73667;Ebnisee
46117;Oberhausen
67822;Kalkofen
56761;Düngenheim
72517;Sigmaringendorf
42859;Remscheid
73345;Geislinger Weg
56843;Lötzbeuren
55767;Schwollen
72805;Lichtenstein
47669;Wachtendonk
41366;Schwalmtal
54518;Esch
63457;Hanau
56479;Seck
54518;Heidweiler
67551;Worms
73453;Algishofen
44799;Bochum
37287;Wehretal
88605;Sauldorf
54343;Föhren
01157;Dresden
89537;Gerschweiler
49525;Lengerich
56751;Kollig
73642;Köshof
67822;Niedermoschel
56729;Langscheid
66484;Althornbach
57539;Breitscheidt
71638;Ludwigsburg
74915;Waibstadt
77830;Bühlertal
44652;Herne
66606;St. Wendel
75417;Mühlacker
35043;Marburg
49492;Westerkappeln
73733;Esslingen
72459;Albstadt
79279;Vörstetten
56428;Dernbach (Westerwald)
67742;Herren-Sulzbach
55599;Eckelsheim
79263;Simonswald
54655;Seinsfeld
44803;Bochum
79874;Breitnau
79865;Grafenhausen
47661;Issum
57612;Hemmelzen
64404;Bickenbach
58099;Hagen
88339;Bad Waldsee
44892;Bochum
45473;Mülheim an der Ruhr
65550;Limburg a. d. Lahn
55569;Monzingen
57635;Ersfeld
67377;Gommersheim
54316;Ollmuth
88317;Aichstetten
55758;Weiden
57614;Berod bei Hachenburg
;Harburg
52353;Düren
53947;Nettersheim
79689;Maulburg
48346;Ostbevern
66851;Hauptstuhl
65199;Wiesbaden
57520;Rosenheim
54441;Schoden
64295;Darmstadt
72419;Lieshöfe
32825;Blomberg
72458;Albstadt
55595;Dalberg
53539;Kelberg
45665;Recklinghausen
47929;Grefrath
72127;Kusterdingen
73347;Mühlhausen
41069;Mönchengladbach
40882;Ratingen
72770;Reutlingen
76835;Burrweiler
54518;Niersbach
73479;Ellwangen
73312;Obere Roggenmühle
54636;Röhl
56349;Kaub
88263;Horgenzell
71672;Makenhof
78333;Stockach
67582;Mettenheim
79199;Kirchzarten
78609;Tuningen
54617;Lützkampen
76530;Baden-Baden
34225;Baunatal
34292;Ahnatal
54538;Kinheim
52068;Aachen
69231;Rauenberg
54689;Daleiden
69239;Neckarsteinach
54636;Brecht
76646;Bruchsal
46242;Bottrop
64297;Darmstadt
44805;Bochum
66507;Reifenberg
77978;Schuttertal
73635;Rudersberg
06849;Dessau-Roßlau
53534;Wirft
35321;Laubach
54673;Muxerath
54619;Lichtenborn
42113;Wuppertal
54518;Platten
47652;Weeze
67271;Mertesheim
56829;Kail
67482;Böbingen
72297;Pfaffenstube
76698;Ubstadt-Weiher
54518;Bergweiler
89179;Beimerstetten
55595;Gebroth
45219;Essen
55599;Gau-Bickelheim
56479;Hellenhahn-Schellenbg.
36282;Hauneck
66879;Reichenbach-Steegen
47059;Duisburg
72419;Stollbeck
67482;Altdorf
65527;Niedernhausen
67374;Hanhofen
66501;Kleinbundenbach
73108;Gammelshausen
73529;Saurenhof
48691;Vreden
42349;Wuppertal
66123;Saarbrücken
41472;Neuss
34626;Neukirchen
56820;Briedern
51061;Köln
56584;Rüscheid
64569;Nauheim
74706;Osterburken
77839;Lichtenau
79252;Stegen
37688;Beverungen
67813;Sankt Alban
54647;Gondorf
51598;Friesenhagen
36137;Großenlüder
78224;Singen
79215;Elzach
45663;Recklinghausen
51643;Gummersbach
56459;Brandscheid
77887;Sasbachwalden
72768;Reutlingen
34212;Melsungen
35764;Sinn
78120;Furtwangen
73349;Kölleshof
56244;Arnshöfen
56291;Thörlingen
79115;Freiburg
58300;Wetter
79423;Heitersheim
77960;Seelbach
54531;Manderscheid
54597;Burbach
74847;Obrigheim
59379;Selm
56132;Frücht
35440;Linden
70435;Stuttgart
67591;Hohen-Sülzen
71364;Winnenden
54646;Wettlingen
55569;Auen
37214;Witzenhausen
72108;Rottenburg
56457;Westerburg
55606;Hochstetten-Dhaun
63128;Dietzenbach, Kreisstadt
36103;Flieden
70176;Stuttgart
54441;Mannebach
56154;Boppard
55758;Sienhachenbach
55595;Spabrücken
72147;Nehren
79224;Umkirch
56332;Dieblich
44577;Castrop-Rauxel
78166;Donaueschingen
89568;Hermaringen
67705;Trippstadt
76777;Neupotz
57539;Roth
47475;Kamp-Lintfort
73485;Unterschneidheim
54662;Herforst
71522;Backnang
54570;Berlingen
67304;Eisenberg (Pfalz)
54689;Olmscheid
54619;Üttfeld
89195;Staig
57632;Giershausen
40723;Hilden
56357;Ehr
55758;Allenbach
34508;Willingen (Upland)
76891;Bruchweiler-Bärenbach
55487;Sohren
88287;Grünkraut
74397;Pfaffenhofen
74909;Meckesheim
54668;Holsthum
74196;Neuenstadt
53123;Bonn
76137;Karlsruhe
74676;Niedernhall
79685;Häg-Ehrsberg
67308;Immesheim
56653;Wehr
64807;Dieburg
56858;Würrich
54576;Dohm-Lammersdorf
78464;Konstanz
53520;Sierscheid
55776;Rückweiler
73037;Eitleshof
78713;Schramberg
40880;Ratingen
54498;Piesport
76359;Schöllbronner Mühle
66851;Mittelbrunn
67746;Langweiler
65830;Kriftel
55606;Kellenbach
34127;Kassel
53539;Reimerath
68542;Heddesheim
47229;Duisburg
41542;Dormagen
56814;Bruttig-Fankel
71737;Kirchberg
56850;Hahn
72070;Hohenentringen
77871;Renchen
54597;Olzheim
53505;Kalenborn
76297;Stutensee
56288;Hasselbach
59889;Eslohe
76689;Karlsdorf-Neuthard
88483;Burgrieden
71144;Schlechtenmühle
55765;Schmißberg
79108;Freiburg
58455;Witten
54673;Berkoth
57635;Forstmehren
89558;Böhmenkirch
66299;Friedrichsthal
67681;Sembach
54619;Herzfeld
79353;Bahlingen
35117;Münchhausen
37269;Eschwege, Kreisstadt
57632;Reiferscheid
64747;Breuberg
55278;Selzen
56729;Lind
56761;Kaifenheim
71634;Ludwigsburg
34630;Gilserberg
50389;Wesseling
66871;Körborn
67806;Bisterschied
78132;Hornberg
73569;Reute
51467;Köln
61381;Friedrichsdorf
56204;Hillscheid
89165;Dürach
72175;Dornhan
54316;Schöndorf
65760;Eschborn
34277;Fuldabrück
57614;Steimel
54429;Schillingen
55237;Lonsheim
88518;Herbertingen
65582;Aull
73667;Kaisersbach
56370;Allendorf
54472;Kommen
56479;Stein-Neukirch
63683;Ortenberg
40225;Düsseldorf
71720;Obere Ölmühle
66127;Saarbrücken
67753;Einöllen
56414;Wallmerod
66787;Wadgassen
54675;Utscheid
75305;Neuenbürg
56288;Korweiler
79879;Wutach
54558;Strohn
76848;Lug
56321;Rhens
74564;Schummhof
56355;Bettendorf
56651;Oberzissen
66798;Wallerfangen
67483;Edesheim
54636;Wiersdorf
50829;Köln
55569;Nußbaum
48149;Münster
56377;Misselberg
36169;Rasdorf
53520;Hümmel
32139;Spenge
55469;Holzbach
54597;Auw bei Prüm
57638;Neitersen
56479;Bretthausen
58769;Nachrodt-Wiblingwerde
74354;Besigheim
52499;Baesweiler
54526;Landscheid
56459;Mähren
55743;Gerach
61389;Schmitten
55627;Merxheim
71144;Schlößlesmühle
78570;Mühlheim
88450;Berkheim
89191;Nellingen
56370;Kördorf
76848;Wilgartswiesen
73469;Riesbürg
57632;Schürdt
68623;Lampertheim
65558;Lohrheim
88719;Stetten
73553;Ölmühle
54689;Preischeid
53804;Much
54649;Dackscheid
79238;Ehrenkirchen
72138;Im Hengstrain
54597;Wallersheim
53533;Antweiler
45470;Mülheim an der Ruhr
66679;Losheim am See
55606;Königsau
35713;Eschenburg
53518;Adenau
44536;Lünen
53539;Brücktal
56729;Hirten
79822;Titisee-Neustadt
75389;Neuweiler
67056;Ludwigshafen
66130;Saarbrücken
57614;Niederwambach
57632;Eichen
77972;Mahlberg
56653;Glees
63165;Mühlheim am Main
55422;Breitscheid
56472;Nisterau
88416;Erlenmoos
56479;Irmtraut
73765;Neuhausen
55469;Belgweiler
55569;Langenthal
54673;Scheitenkorb
54570;Oberstadtfeld
48739;Legden
79805;Eggingen
66957;Vinningen
63594;Hasselroth
55596;Oberstreit
55756;Herrstein
56759;Laubach
65347;Eltville am Rhein
09376;Oelsnitz
76473;Iffezheim
74420;Oberrot
55568;Staudernheim
66871;Dennweiler-Frohnbach
67680;Neuhemsbach
63599;Biebergemünd
65187;Wiesbaden
79268;Bötzingen
78727;Oberndorf
42117;Wuppertal
75242;Neuhausen
89185;Hüttisheim
54518;Altrich
79341;Kenzingen
56305;Döttesfeld
45883;Gelsenkirchen
77790;Steinach
74595;Langenburg
56379;Singhofen
71701;Schwieberdingen
66504;Bottenbach
79227;Schallstadt
56412;Girod
54597;Kleinlangenfeld
54552;Schalkenmehren
54664;Preist
89183;Holzkirch
74749;Rosenberg
64753;Brombachtal
33803;Steinhagen
72348;Rosenfeld
72584;Hülben
67157;Wachenheim a.d.Weinstr
56479;Neustadt/ Westerwald
;Uelzen
56767;Kolverath
57612;Obererbach
78086;Brigachtal
48157;Münster
54347;Neumagen-Dhron
55481;Ober Kostenz
78586;Deilingen
75399;Nagoldtal
44623;Herne
55471;Wüschheim
54636;Messerich
55278;Mommenheim
74523;Burgbretzingen
76359;Marxzell
60385;Frankfurt am Main
56370;Bremberg
42697;Solingen
54675;Körperich
37284;Waldkappel
57610;Bachenberg
67294;Gauersheim
35216;Biedenkopf
66500;Mauschbach
48291;Telgte
72474;Winterlingen
57234;Wilnsdorf
71139;Ehningen
59555;Lippstadt
53949;Dahlem
33106;Paderborn
55278;Undenheim
54413;Beuren (Hochwald)
59387;Ascheberg
63512;Hainburg
54552;Boxberg
79695;Wieden
35644;Hohenahr
32427;Minden
72224;Ebhausen
54451;Irsch
54314;Hentern
78054;Villingen-Schwenningen
56379;Dörnberg
74395;Mundelsheim
57589;Niederirsen
57629;Kundert
57589;Birkenbeul
67742;Heinzenhausen
57644;Welkenbach
57614;Borod
56076;Koblenz
66894;Bechhofen
65779;Kelkheim (Taunus)
56581;Ehlscheid
55413;Niederheimbach
72358;Dormettingen
76228;Karlsruhe
67732;Hirschhorn/Pfalz
55471;Kümbdchen
52152;Simmerath
66506;Maßweiler
88273;Fronreute
73312;Berneck
65510;Idstein
97959;Assamstadt
45881;Gelsenkirchen
55234;Hangen-Weisheim
66793;Saarwellingen
56253;Treis-Karden
79837;Oberkutterau
56858;Belg
56637;Plaidt
66887;Rutsweiler am Glan
56295;Lonnig
54634;Niederstedem
65931;Frankfurt am Main
69168;Wiesloch
55576;Welgesheim
56820;Senheim
55469;Klosterkumbd
40627;Düsseldorf
65594;Runkel
67489;Kirrweiler (Pfalz)
56379;Charlottenberg
45657;Recklinghausen
56332;Burgen
89171;Illerkirchberg
35410;Hungen
35768;Siegbach
55469;Riegenroth
46535;Dinslaken
73642;Welzheim
54441;Ockfen
54649;Hargarten
73550;Hummelshalden
63329;Egelsbach
88682;Salem
76857;Dernbach
34587;Felsberg
51371;Leverkusen
79871;Eisenbach
75378;Bad Liebenzell
56651;Brenk
53227;Bonn
73072;Schurrenhof
63075;Offenbach am Main
67271;Kleinkarlbach
76891;Niederschlettenbach
47259;Duisburg
76889;Kapellen-Drusweiler
44388;Dortmund
44229;Dortmund
56317;Urbach
45527;Hattingen
73553;Schillinghof
64832;Babenhausen
68181;Mannheim
78083;Dauchingen
54426;Hilscheid
42115;Wuppertal
55481;Kirchberg (Hunsrück)
55270;Ober-Olm
88637;Leibertingen
73111;Lauterstein
65307;Bad Schwalbach, Kreisstadt
54441;Temmels
70173;Stuttgart
56479;Salzburg
66500;Hornbach
78355;Hohenfels
35683;Dillenburg
79348;Freiamt
67063;Ludwigshafen
47167;Duisburg
56759;Eppenberg
66919;Obernheim-Kirchenarnbach
54317;Sommerau
42281;Wuppertal
55452;Guldental
54534;Großlittgen
56237;Wirscheid
66909;Langenbach
56357;Oberwallmenach
35716;Dietzhölztal
34639;Schwarzenborn
65529;Waldems
67756;Hinzweiler
67729;Sippersfeld
56729;Virneburg
75249;Kieselbronn
50668;Köln
40591;Düsseldorf
76831;Göcklingen
56759;Kalenborn
75233;Tiefenbronn
58540;Meinerzhagen
57644;Hattert
71720;Oberstenfeld
77876;Kappelrodeck
54344;Kenn
32584;Löhne
55546;Hackenheim
79801;Hohentengen
35759;Driedorf
56379;Weinähr
50733;Köln
56729;Nachtsheim
59439;Holzwickede
44139;Dortmund
67756;Oberweiler im Tal
57462;Olpe
71101;Schönaich
76833;Walsheim
59494;Soest
78554;Erlenmühle
44628;Herne
51399;Burscheid
55490;Gehlweiler
57612;Racksen
45356;Essen
54552;Steiningen
48477;Hörstel
54646;Enzen
57636;Mammelzen
54636;Eßlingen
54340;Klüsserath
56743;Thür
54675;Kruchten
73312;Schonterhöhe
66919;Herschberg
56368;Roth
65239;Hochheim am Main
33333;Gütersloh
78048;Villingen-Schwenningen
61206;Wöllstadt
34599;Neuental
55469;Bergenhausen
54306;Kordel
78604;Rietheim-Weilheim
79291;Merdingen
73268;Erkenbrechtsweiler
76764;Rheinzabern
54552;Hörscheid
67360;Lingenfeld
46045;Oberhausen
67259;Kleinniedesheim
78652;Unterrotenstein
88448;Attenweiler
55487;Sohrschied
74535;Mainhardt
36275;Kirchheim
56291;Hausbay
54673;Berscheid
55767;Nohen
88459;Tannheim
55296;Gau-Bischofsheim
56348;Bornich
73087;Erlenwasen
40472;Düsseldorf
73550;Waldstetten
79256;Buchenbach
66869;Kusel
71732;Lehenfeld
54636;Hütterscheid
71131;Jettingen
76835;Hainfeld
57648;Bölsberg
41239;Mönchengladbach
70327;Stuttgart
54568;Gerolstein
35287;Amöneburg
48231;Warendorf
40474;Düsseldorf
41749;Viersen
55262;Ingelheim
54585;Esch
55270;Klein-Winternheim
64409;Messel
58119;Hagen
67699;Schneckenhausen
88450;Binnrot
56826;Wagenhausen
78667;Villingendorf
72657;Altenriet
47198;Duisburg
79110;Freiburg
68169;Mannheim
51105;Köln
78183;Hüfingen
67752;Rutsweiler a.d. Lauter
55471;Sargenroth
55288;Schornsheim
75438;Knittlingen
72636;Frickenhausen
66484;Winterbach (Pfalz)
71144;Steinenbronn
66871;Thallichtenberg
59597;Erwitte
56412;Stahlhofen
88639;Wald
50259;Pulheim
40215;Düsseldorf
53547;Breitscheid
67595;Bechtheim
45276;Essen
55576;Sprendlingen
67378;Zeiskam
72829;Engstingen
55768;Hoppstädten-Weiersbach
67127;Rödersheim-Gronau
67685;Weilerbach
76185;Karlsruhe
73345;Großmannshof
64347;Griesheim
57629;Merkelbach
55278;Ludwigshöhe
67724;Gonbach
88239;Wangen
46286;Dorsten
74861;Neudenau
56370;Reckenroth
57537;Selbach
55494;Erbach
77977;Rust
54552;Mehren
67735;Mehlbach
54614;Oberlauch
53539;Kirsbach
79541;Lörrach
56479;Neunkirchen
65310;Idstein
37235;Hessisch Lichtenau
45897;Gelsenkirchen
67472;Esthal
54470;Bernkastel-Kues
72149;Neustetten
32694;Dörentrup
88364;Wolfegg
72074;Tübingen
56337;Simmern
78601;Mahlstetten
45472;Mülheim an der Ruhr
54518;Sehlem
35037;Marburg, Universitätsstadt
45968;Gladbeck
55483;Krummenau
72793;Pfullingen
66271;Kleinblittersdorf
78126;Königsfeld
67373;Dudenhofen
40629;Düsseldorf
56729;Arft
41751;Viersen
79361;Sasbach
56825;Kliding
76316;Malsch
55234;Ober-Flörsheim
55232;Alzey
74078;Heilbronn
55491;Niederweiler
67808;Bennhausen
55291;Saulheim
76848;Dimbach
54636;Dahlem
74427;Fichtenberg
34260;Kaufungen
64291;Darmstadt
37696;Marienmünster
55497;Ellern (Hunsrück)
64584;Biebesheim am Rhein
77794;Lautenbach
68642;Bürstadt
54614;Niederlauch
61191;Rosbach v. d. Höhe
54617;Harspelt
73776;Altbach
55234;Albig
55283;Nierstein
54340;Detzem
51469;Bergisch Gladbach
73333;Gingen
36381;Schlüchtern
67813;Gerbach
47199;Duisburg
54611;Hallschlag
53879;Euskirchen
56754;Forst (Eifel)
57614;Mudenbach
56459;Gemünden
79410;Badenweiler
35392;Gießen
66917;Wallhalben
44269;Dortmund
54574;Kopp
65795;Hattersheim am Main
60329;Frankfurt am Main
57638;Schöneberg
47228;Duisburg
67744;Schweinschied
35647;Waldsolms
44581;Castrop-Rauxel
76744;Wörth am Rhein
67271;Obersülzen
66851;Linden
51766;Engelskirchen
88453;Waldenhofen
34560;Fritzlar, Dom- und Kaiserstadt
32545;Bad Oeynhausen
56370;Biebrich
54673;Neuerburg
54441;Kastel-Staadt
57539;Fürthen
49479;Ibbenbüren
56579;Bonefeld
58452;Witten
88097;Eriskirch
77767;Appenweier
56242;Quirnbach
56370;Oberfischbach
74196;Grollenhof
78579;Neuhausen
56355;Diethardt
55437;Ockenheim
88250;Weingarten
74072;Heilbronn
64372;Ober-Ramstadt
53518;Herschbroich
56370;Attenhausen
35689;Dillenburg
70563;Stuttgart
56858;Neef
48599;Gronau
67757;Kreimbach-Kaulbach
56479;Waldmühlen
77948;Friesenheim
68535;Edingen-Neckarhausen
74743;Seckach
04603;Nobitz
54538;Hontheim
76879;Essingen
46459;Rees
37296;Ringgau
66871;Pfeffelbach
44328;Dortmund
75057;Kürnbach
76833;Knöringen
54317;Gusterath
55471;Külz (Hunsrück)
72469;Meßstetten
54668;Ernzen
54550;Daun
57629;Atzelgift
57632;Eulenberg
75335;Dobel
89165;Dietenheim
L-3855;Shifflange
50767;Köln
66969;Lemberg
65623;Schiesheim
79856;Hinterzarten
56820;Mesenich
79677;Schönenberg
97996;Niederstetten
66484;Schmitshausen
69253;Heiligkreuzsteinach
71088;Holzgerlingen
66885;Bedesbach
35398;Gießen
56729;Herresbach
56379;Zimmerschied
32689;Kalletal
54636;Hamm
44579;Castrop-Rauxel
;Karlstein
54317;Morscheid
67292;Kirchheimbolanden
75031;Eppingen
53567;Asbach
75217;Birkenfeld
57520;Friedewald
73061;Ebersbach
54634;Birtlingen
74391;Erligheim
66904;Börsborn
78315;Radolfzell
54668;Alsdorf
88279;Amtzell
77933;Lahr
60320;Frankfurt am Main
49504;Lotte
55234;Bechtolsheim
67596;Frettenheim
54552;Beinhausen
79244;Münstertal
35435;Wettenberg
55595;Sankt Katharinen
54673;Hütten
54655;Usch
75382;Althengstett
73489;Ölmühle
55483;Hirschfeld (Hunsrück)
56235;Hundsdorf
34516;Vöhl
46483;Wesel
54614;Nimsreuland
42553;Velbert
73488;Ellenberg
45894;Gelsenkirchen
54320;Waldrach
89613;Grundsheim
46145;Oberhausen
66917;Knopp-Labach
54675;Hommerdingen
67549;Worms
73035;Göppingen
54310;Minden
67304;Eisenberg
55606;Kirn
55494;Mörschbach
54578;Berndorf
56244;Schenkelberg
46499;Hamminkeln
47574;Goch
35633;Lahnau
52382;Niederzier
67744;Cronenberg
40822;Mettmann
54589;Stadtkyll
53783;Eitorf
64756;Mossautal
50769;Köln
55619;Hennweiler
66352;Großrosseln
52538;Selfkant
73345;Hohenstadt
66809;Nalbach
88422;Betzenweiler
55767;Hattgenstein
55767;Buhlenberg
56479;Oberrod
55765;Ellenberg
71272;Renningen
34125;Kassel
67229;Laumersheim
74928;Hüffenhardt
63636;Brachttal
74417;Gschwend
54578;Wiesbaum
54646;Halsdorf
63067;Offenbach am Main
47800;Krefeld
63533;Mainhausen
00014;Sachsen
54614;Schönecken
48147;Münster
74219;Möckmühl
56370;Schönborn
56858;Grenderich
66497;Contwig
53489;Sinzig
55234;Gau-Heppenheim
56479;Hüblingen
59075;Hamm
51103;Köln
56283;Ney
44137;Dortmund
71159;Mötzingen
79807;Lottstetten
61231;Bad Nauheim
54657;Neidenbach
66663;Merzig
54309;Newel
67468;Frankenstein
45476;Mülheim an der Ruhr
44319;Dortmund
54578;Walsdorf
53945;Blankenheim
54298;Eisenach
56290;Uhler
42389;Wuppertal
66919;Weselberg
73660;Urbach
57635;Kircheib
97957;Wittighausen
34628;Willingshausen
74426;Bühlerzell
64720;Michelstadt
60594;Frankfurt am Main
59609;Anröchte
74382;Neckarwestheim
58285;Gevelsberg
54636;Trimport
54316;Pluwig
47249;Duisburg
75223;Niefern-Öschelbronn
76831;Ilbesheim b. Landau/Pf
56357;Reichenberg
72479;Straßberg
33758;Schloß Holte-Stukenbrock
73495;Stödtlen
47226;Duisburg
88348;Allmannsweiler
55424;Münster-Sarmsheim
56745;Bell
66620;Nonnweiler
55234;Framersheim
55481;Metzenhausen
78351;Bodman-Ludwigshafen
50735;Köln
66740;Saarlouis
68649;Groß-Rohrheim
74579;Neumühle
73553;Alfdorf
46284;Dorsten
88079;Kressbronn
60439;Frankfurt am Main
67271;Kindenheim
00099;Ausland
55411;Bingen am Rhein
57539;Etzbach
67744;Kappeln
53547;Dattenberg
77836;Rheinmünster
47166;Duisburg
45525;Hattingen
65623;Mudershausen
55294;Bodenheim
71540;Hornberger Reute
67744;Löllbach
79597;Schallbach
73565;Spraitbach
48249;Dülmen
35581;Wetzlar
56759;Kaisersesch
74357;Bellevue
54675;Nusbaum
71573;Allmersbach
72516;Scheer
56244;Freilingen
